"id","sku","slug","titulo_antigo"
"839","00007","caneta-ecologica-papelao","Caneta Ecológica Papelão — Caneta ecológica de papelão com detalhes coloridos. Além do"
"852","13824","porta-vinho-bidim","Porta Vinho Bidim — Estojo porta vinho em couro sintético bidim, contém duas"
"942","04064","caixa-de-som-multimidia-com-relogio","Caixa de Som Multimídia com Relógio — Descrição: Caixa de som multimídia com relógio despertador. Produzida em plástico e com"
"943","04065","caixa-de-som-multimidia-com-relogio-2","Caixa de Som Multimídia com Relógio — despertador e suporte para celular. Produzida em plástico e com borrachas antiderrapantes"
"1148","14326","14326dc-copo-fibra-de-bambu-450ml","Copo Fibra de Bambu 450ml — Tampa de silicone com abertura para bocal e luva de silicone colorida. Altura :  14,8 cm"
"1150","00713","caneta-plastica-19","Caneta Plástica — inteira prata com detalhes emborrachados coloridos em"
"1186","11786","caneta-plastica-18","Caneta Plástica — fosca inteira colorida com detalhes prata. Clip de metal"
"1226","13440","caneta-plastica-15","Caneta Plástica — inteira colorida com detalhes prata. Acionador é o próprio"
"1228","13690","caneta-plastica-16","Caneta Plástica — inteira colorida com detalhes prata. Clip ""acoplado"" ao"
"1229","13830","caneta-plastica-17","Caneta Plástica — na cor preto fosco com detalhe colorido ao redor do clip"
"1230","163/K03","caneta-metal-3","Caneta Metal — inteira colorida com detalhes prata. Clip metal, possui"
"1265","ER197B","caneta-plastica-touch","Caneta Plástica Touch — inteira colorida com detalhes em prata. Possui tampa e clip"
"1380","09824","chaveiro-metal-abridor-2","Chaveiro Metal Abridor — Chaveiro abridor de metal formato “pé de galinha”"
"1454","10123","chaveiro-plastico","Chaveiro Plástico — formato pneu, aro detalhado plástico colorido de um lado e"
"1488","14666","chaveiro-metal-bambu","Chaveiro Metal Bambu — Chaveiro de metal, com detalhe circular de Bambu. Acompanha"
"1807","93448-160","blocos-adesivados","Blocos adesivados — 7 blocos adesivados com 25 folhas cada e capa em cartão. Incluso régua de 12 cm com"
"1985","18522","caneta-plastica-2","Caneta Plástica — branca com acessórios Clip com design vazado, acionador e"
"1986","13830B","caneta-plastica-3","Caneta Plástica — na cor colorida fosca com detalhe prata ao redor do clip e"
"2049","01320","01320dc-mochila-de-nylon-usb-21l","Mochila de Nylon USB 21L — Mochila confeccionada em nylon com compartimento para"
"5770","17010B","garrafa-inox-750ml","Garrafa Inox 750ml — A Garrafa Inox 750ml é a escolha perfeita para quem busca praticidade, durabilidade e"
"5778","17010F","garrafa-inox-750ml-2","Garrafa Inox 750ml —  Garrafa 750ml em inox com tampa rosqueável e pintura fosca"
"5785","17012","garrafa-plastica-700ml","Garrafa Plástica 700ml — A garrafa plástica 700ml é a escolha perfeita para quem busca um produto leve, resistente"
"5810","18626","squeeze-plastico-700ml","Squeeze Plástico 700ml — A Squeeze Plástico 700ml é a escolha perfeita para quem busca uma garrafa leve"
"5913","08765","garrafa-de-vidro-450ml","Garrafa de Vidro 450ml — A Garrafa de Vidro 450ml é a escolha perfeita para quem busca praticidade"
"5934","12487F","squeeze-aluminio-600ml-2","Squeeze Alumínio 600ml — A Squeeze de Alumínio 600ml é a escolha perfeita para quem"
"5949","17011C","garrafa-inox-750ml-3","Garrafa Inox 750ml — A Garrafa Inox 750ml é perfeita para quem busca qualidade, durabilidade e praticidade"
"5953","17011F","garrafa-inox-750ml-4","Garrafa Inox 750ml —  Garrafa 750ml em inox com tampa rosqueável e pintura"
"5968","18552","garrafa-inox-750ml-5","Garrafa Inox 750ml — A Garrafa Inox 750ml é perfeita para quem busca um produto resistente, funcional e"
"5979","18553","squeeze-plastico-700ml-2","Squeeze Plástico 700ml — A Squeeze Plástico 700ml é a escolha ideal para quem busca uma garrafa funcional"
"6001","9139I","squeeze-inox-500ml","Squeeze Inox 500ml — O Squeeze Inox 500ml é a combinação perfeita entre funcionalidade, estilo e"
"6005","O@18765M","garrafa-de-vidro-400ml-2","Garrafa de Vidro 400ml — A Garrafa de Vidro 400ml é a solução ideal para quem busca praticidade e estilo em um"
"6015","02048","squeeze-aluminio-600ml-3","Squeeze Alumínio 600ml — O Squeeze Alumínio 600ml é a escolha ideal para quem busca uma garrafa leve, durável e"
"6038","09072","squeeze-plastico-500ml-2","Squeeze Plástico 500ml — Squeeze 500ml de plástico resistente, possui detalhe em"
"6107","02790","garrafa-termica-750ml","Garrafa Térmica 750ml — Garrafa térmica de inox com bico condutor e alça plástica"
"6117","18704","garrafa-termica-1-litro","Garrafa Térmica 1 litro — A garrafa térmica 1 litro é a solução ideal para quem deseja manter suas bebidas na"
"6709","14870","caderneta-emborrachada","Caderneta Emborrachada — com Wire-o e Elástico p/ lacre Caderneta emborrachada com wire-o, elástico para lacre e"
"6722","14885","caderneta-couro-sintetico","Caderneta Couro Sintético — Caderneta em Couro Sintético c/ porta caneta Caderneta em"
"6775","05064","bloco-de-anotacoes-ecologico-com-caneta-2","Bloco de Anotações Ecológico com Caneta — , feito em kraft com detalhe plástico. Contém aproximadamente 70 folhas brancas com"
"6871","03006T","copo-plastico-350ml","Copo Plástico 350ml — Copo de plástico polipropileno com capacidade para 350ml"
"6891","04071","copo-termico-550ml","Copo Térmico 550ml —  Copo térmico de inox , feito de parede dupla com"
"6935","14724P","copo-termico-inox-350ml","Copo Térmico Inox 350ml —  Copo térmico de inox 350ml com parede dupla, parte"
"7016","14327","copo-fibra-de-bambu-450ml","Copo Fibra de Bambu 450ml — com tampa rosqueável. Possui luva colorida e tampa protetora para o bocal ambos em"
"7137","14822","caneca-termica-350ml","Caneca Térmica 350ml — A caneca térmica 350ml é perfeita para quem valoriza praticidade, estilo e temperatura"
"16119","01325B","mochila-de-nylon-usb-21l-2","Mochila de Nylon USB 21L — A Mochila de Nylon USB 21L é perfeita para quem busca praticidade, conforto e um toque de"
"16423","18602","mochila-saco-impermeavel","Mochila Saco Impermeável — Mochila saco em fibra de poliéster resistente à água com — Mochila Saco Impermeável Mochila saco em fibra de poliéster resistente à água com bolso (Cód. 16423)"
"16622","14780","mochila-de-nylon-26-litros","Mochila de Nylon 26 Litros — Descubra a praticidade e resistência da Mochila de Nylon 26"
"17876","00001","caneta-ecologica-papelao-2","Caneta Ecológica Papelão —  Caneta ecológica de papelão com detalhes coloridos. Clip"
"17888","00002","caneta-ecologica-papelao-3","Caneta Ecológica Papelão — Descrição: Caneta de papelão com detalhes plásticos, carga esferográfica azul 1.0 mm e"
"17891","00003","caneta-ecologica-papelao-4","Caneta Ecológica Papelão — A caneta ecológica papelão é a escolha perfeita para quem busca um acessório de escrita"
"18076","12172","caneta-ecologica-de-bambu-2","Caneta Ecológica de Bambu — Descrição: Caneta de bambu com detalhes plásticos, carga"
"18669","93607-150","estojo-para-lapis","Estojo para lápis — em algodão. ø70 x 220"
"18945","94145-103","kit-churrasco-18","Kit churrasco em estojo de 210D — O Kit Churrasco em Estojo de 210D é a solução perfeita para quem gosta de praticidade"
"19382","14542","porta-vinho-bidim-3","Porta Vinho Bidim —  Estojo porta vinho em couro sintético bidim. Altura : "
"19781","12657","base-para-calendario","Base para Calendário — de pvc. Material pvc branco com ""bolso"" plástico para encaixar o calendário(não"
"19817","13641","porta-cartao-couro-sintetico","Porta Cartão Couro Sintético — O Porta Cartão Couro Sintético é a solução ideal para quem busca elegância"
"19821","13643","porta-cartao-couro-sintetico-2","Porta Cartão Couro Sintético — O Porta Cartão Couro Sintético é o acessório ideal para quem busca manter cartões"
"19838","13645","porta-cartao-couro-sintetico-4","Porta Cartão Couro Sintético — O Porta Cartão Couro Sintético é a escolha ideal para quem busca praticidade e elegância"
"20325","02092","necessaire-plastica","Necessaire Plástica — A necessaire plástica é uma escolha prática e funcional para quem deseja manter seus"
"20348","18506","necessaire-nylon-oxford-2","Necessaire Nylon Oxford — Nécessaire de nylon oxford com divisórias para organização"
"20408","51932-160","kit-de-escrita","Kit de escrita — O kit de escrita é a escolha perfeita para quem busca elegância, praticidade e"
"20587","06024","bolsa-termica-5-litros","Bolsa Térmica 5 Litros — A Bolsa Térmica 5 Litros é a escolha certa para quem precisa de uma solução prática"
"20595","01328P","bolsa-termica-26-litros","Bolsa Térmica — 2,6 Litros Bolsa térmica de nylon 2,6 litros, acompanha plaquinha"
"20611","04044P","bolsa-termica-36-litros-420d","Bolsa Térmica 36 Litros 420D — Bolsa térmica de poliéster 420D de 36 litros com bolso"
"20618","04334","bolsa-termica-33-litros","Bolsa Térmica 33 litros — A Bolsa Térmica de 33 litros é a solução perfeita para quem"
"20627","04357","bolsa-termica-10-litros","Bolsa Térmica 10 Litros —  Bolsa térmica de nylon 10 litros com dois compartimentos e"
"20638","04385","bolsa-termica-9-litros","Bolsa Térmica 9 Litros — A Bolsa Térmica de 9 litros é a escolha ideal para quem"
"20648","04465","bolsa-termica-6-litros","Bolsa Térmica 6 Litros — A Bolsa Térmica de 6 Litros é compacta, prática e ideal"
"20664","04628","bolsa-termica-10-litros-2","Bolsa Térmica 10 Litros — A Bolsa Térmica de 10 Litros é a companheira ideal para"
"20672","04739","bolsa-termica-18-litros","Bolsa Térmica 18 litros — A Bolsa Térmica 18 Litros é a aliada perfeita para manter alimentos e bebidas na"
"20692","1329P","bolsa-termica-7-litros-2","Bolsa Térmica 7 Litros — A Bolsa Térmica de 7 Litros é ideal para quem busca — Bolsa Térmica 7 Litros A Bolsa Térmica de 7 Litros é ideal para quem busca praticidade em (Cód. 20692)"
"20722","18523","bolsa-termica-10-litros-3","Bolsa Térmica 10 Litros — A Bolsa Térmica de 10 Litros é uma opção prática e"
"20737","18603","bolsa-termica-14-litros","Bolsa Térmica 14 Litros — A Bolsa Térmica de 14 Litros é a combinação perfeita entre"
"20741","18604","bolsa-termica-18-litros-2","Bolsa Térmica 18 Litros — A Bolsa Térmica de 18 Litros é a escolha ideal para quem"
"20773","04044A","bolsa-termica-36-litros-420d-2","Bolsa Térmica 36 Litros 420D — A Bolsa Térmica 36 Litros 420D foi desenvolvida para quem busca máxima capacidade e"
"20796","18605","bolsa-termica-33-litros-2","Bolsa Térmica 33 Litros — A Bolsa Térmica 33 Litros é a opção ideal para quem busca capacidade ampliada e"
"20860","14202","bolsa-termica-13-litros","Bolsa térmica 13 litros — confeccionada em bagum sintético, contém revestimento"
"20887","14551","bolsa-termica-6-litros-2","Bolsa Térmica 6 Litros — A Bolsa Térmica de 6 Litros é ideal para quem busca"
"20890","14581","bolsa-termica-11-litros","Bolsa Térmica 11 Litros — A Bolsa Térmica de 11 Litros é perfeita para o transporte"
"21931","01350","mochila-de-nylon-22-litros","Mochila de Nylon 22 Litros — A Mochila de Nylon 22 Litros é a escolha ideal para quem busca leveza, resistência e"
"21943","01351","mochila-de-nylon-26-litros-2","Mochila de Nylon 26 Litros — A Mochila de Nylon 26 Litros é a companheira ideal para quem busca funcionalidade"
"22028","14942","garrafa-aluminio-630ml","Garrafa alumínio 630ml — A Garrafa de alumínio 630ml é a escolha perfeita para quem"
"22598","01006B","caneta-metal-6","Caneta Metal — A caneta de metal é mais do que um simples acessório de"
"24669","08219","power-bank-10-000mah","Power Bank 10.000mAh com Lanterna e Multissaídas — Nosso power bank 10.000mAh 4 em 1 é uma solução prática e"
"24776","15127","lapis-com-borracha-2","Lápis com Borracha —  Lápis com borracha, grafite HB. Largura :  0,8 cm Comprimento :  19"
"24920","15079","caneta-aluminio","Caneta Alumínio — Caneta em alumínio reciclado com carga esferográfica azul"
"24974","08333","suporte-magnetico-para-celular","Suporte Magnético Para Celular — Um suporte compacto e funcional para acomodar smartphones"
"25124","08239","bolsa-termica-8-litros-3","Bolsa Térmica 8 Litros — Aliada para manter os alimentos frescos e saudáveis por"
"25143","05054","caixa-de-som-bluetooth","Caixa de Som Bluetooth — Leve suas músicas para qualquer lugar com esta incrível"
"25156","08003","caixa-de-som-multimidia-tws-com-luzes-rgb","Caixa de Som Multimídia TWS com Luzes RGB — Qualidade sonora e conectividade total: compatível com"
"25329","ER199B","caneta-aluminio-2","Caneta Alumínio — , carga esferográfica azul e acionamento por"
"25333","15010","caneta-aluminio-reciclado-2","Caneta Alumínio Reciclado — Caneta touch screen em alumínio reciclado com acabamento"
"25601","18916A","garrafa-termica-900ml","Garrafa Térmica 900ml —  Uma garrafa térmica em aço inox que é uma excelente opção"
"25617","08195","garrafa-termica-inox-550ml","Garrafa Térmica Inox 550ml — Garrafa térmica inox de capacidade de até 550ml. A pintura"
"25623","08197","garrafa-termica-inox-750ml","Garrafa Térmica Inox 750ml —  Garrafa térmica inox de capacidade de até 750ml. A pintura"
"25629","08331","garrafa-termica-inox-500ml","Garrafa Térmica Inox 500ml — Garrafa térmica com tampa inox com capacidade de até 500ml"
"25648","E@08300","25648","Garrafa Térmica 850ml —  Uma garrafa térmica inox de 850ml pronta para qualquer"
"25739","15174","coqueteleira-inox-750ml","Coqueteleira Inox 750ml —  Preparar suplementos e shakes para os treinos nunca foi"
"25775","08114","copo-termico-300ml-2","Copo Térmico 300ml —  Bebida geladinha até o último gole. Com 300ml de"
"25785","04072","copo-termico-350ml","Copo Térmico 350ml — Copo térmico de inox, feito de parede dupla com capacidade"
"25860","14671","caneta-ecologica-de-bambu-6","Caneta Ecológica de Bambu — Conjunto caneta de bambu com estojo de papel. Carga"
"26361","09007","bolsa-termica-5-litros-2","Bolsa Térmica 5 Litros — Carregue alimentos e bebidas em uma temperatura agradável e"
"26384","02798","bolsa-termica-6-litros-3","Bolsa Térmica 6 Litros —  Bolsa térmica 6 litros de poliéster. Contém bolso frontal com zíper e alça transversal"
"26406","18766","bolsa-termica-dupla-7-litros","Bolsa Térmica Dupla 7 Litros — Bolsa térmica dupla em nylon com dois compartimentos"
"26525","02596","bolsa-termica-12-litros-2","Bolsa Térmica 12 Litros —  Bolsa térmica de poliéster com capacidade de 12 Litros"
"26608","06047","bolsa-termica-4-litros-3","Bolsa Térmica 4 Litros — Uma bolsa térmica leve e prática para carregar e manter"
"26659","02099","bolsa-termica-5-litros-3","Bolsa Térmica 5 Litros — Bolsa térmica de TNT com capacidade de 5 litros com bolso"
"26667","02595","bolsa-termica-6-litros-4","Bolsa Térmica 6 Litros — Carregue alimentos e bebidas com a temperatura conservada"
"26675","02697","bolsa-termica-12-litros-3","Bolsa Térmica 12 Litros —  Bolsa térmica polietileno com capacidade de 12 Litros"
"26680","02799","bolsa-termica-9-litros-2","Bolsa Térmica 9 Litros —  Bolsa térmica em TNT 9 litros com bolso frontal Altura : "
"26713","01331","bolsa-termica-4-litros-5","Bolsa Térmica 4 Litros — Bolsa térmica de nylon 4 litros. Possui bolso telado e"
"26727","01899","bolsa-termica-4-litros-6","Bolsa Térmica 4 Litros — Uma bolsa térmica compacta que une a praticidade na"
"26831","08196","26831","Garrafa Térmica Inox 750ml — Garrafa térmica inox com capacidade de até 750ml. A pintura"
"26883","18829B","garrafa-inox-750ml-7","Garrafa Inox 750ml — Garrafa inox com capacidade de 750ml. Contém tampa"
"26970","15252","squeeze-plastico-500ml-3","Squeeze Plástico 500ml — Este squeeze é uma opção que combina com quem está sempre"
"26980","02426","squeeze-plastico-900ml","Squeeze Plástico 900ml — Squeeze plástico com capacidade de 900ml com acabamento"
"26992","14784B","garrafa-termica-inox-500ml-2","Garrafa Térmica Inox 500ml — Garrafa de inox com capacidade de 500ml, tampa em inox com"
"27039","18905","garrafa-termica-750ml-4","Garrafa Térmica 750ml — Experimente a qualidade desta garrafa térmica de 750ml"
"27074","18922","garrafa-aluminio-800ml","Garrafa Alumínio 800ml —  Garrafa de alumínio com capacidade de 800ml. Leve e"
"27370","02416","squeeze-plastico-700ml-3","Squeeze Plástico 700ml —  Mantenha-se hidratado com o nosso squeeze ideal para o dia"
"27379","06501","garrafa-termica-700ml","Garrafa Térmica 700ml —  Experimente a qualidade desta garrafa térmica que une"
"27435","E@08129","garrafa-termica-950ml","Garrafa Térmica 950ml — Quem não sonha em ter bebidas sempre na temperatura ideal"
"27460","12487D","squeeze-aluminio-650ml","Squeeze Alumínio 650ml — Squeeze de alumínio com capacidade de 650ml com acabamento"
"27467","17007","garrafa-termica-320ml","Garrafa Térmica 320ml — colorida com sistema de trava. Material metálico com"
"27491","04205","garrafa-termica-400ml","Garrafa Térmica 400ml — Garrafa térmica em inox com parede dupla, capacidade de"
"27515","18711","garrafa-termica-850ml","Garrafa Térmica 850ml — Garrafa térmica com infusor de bebidas, feita em inox 304 — Garrafa térmica com infusor de bebidas, feita em inox 304 de parede dupla com capacidade (Cód. 27515)"
"27600","06097","garrafa-termica-inox-950ml-2","Garrafa Térmica Inox 950ml — Garrafa térmica de parede dupla em inox, capacidade de"
"27643","06043","squeeze-plastico-550ml","Squeeze Plástico 550ml — Squeeze plástico com capacidade de 550ml. Possui tampa"
"27706","14995","garrafa-com-misturador-380ml-2","Garrafa com Misturador 380ml — Mini liquidificador portátil com capacidade de 380ml"
"27711","18783B","garrafa-inox-500ml","Garrafa Inox 500ml — Garrafa 500ml em inox com botão e válvula para abertura"
"27732","18784","garrafa-termica-800ml-2","Garrafa Térmica 800ml — Garrafa Térmica feita em Inox 304 com parede dupla e"
"27748","18787","squeeze-plastico-500ml-4","Squeeze Plástico 500ml — Um squeeze leve e versátil feito em plástico, com"
"27765","18634","garrafa-termica-inox-500ml-3","Garrafa Térmica Inox 500ml — Garrafa térmica 500ml em inox. Tampa plástica com alça para"
"27783","18677","garrafa-termica-14l","Garrafa Térmica 1,4L —  Garrafa térmica de inox livre de BPA com capacidade de 1,4"
"27795","18791","garrafa-plastica-780ml","Garrafa Plástica 780ml — Garrafa de 780ml com tampa rosqueável e bocal, tampa"
"27804","18792","garrafa-plastica-750ml","Garrafa Plástica 750ml — Garrafa plástica de 750ml com tampa rosqueável e bocal"
"27832","18821","squeeze-inox-750ml-3","Squeeze Inox 750ml — Squeeze feito em inox com 750ml. Possui tampa plástica"
"27846","18709","garrafa-termica-11-litros","Garrafa Térmica 1,1 Litros — Garrafa térmica feita em inox 304 com parede dupla"
"27852","18833","garrafa-termica-450ml","Garrafa Térmica 450ml — em inox com parede dupla, infusor e tampa rosqueável com"
"27864","18711B","garrafa-termica-inox-1-litro-4","Garrafa Térmica 850ml — Garrafa térmica com infusor de bebidas, feita em inox 304 — Garrafa térmica com infusor de bebidas, feita em inox 304 de parede dupla com capacidade (Cód. 27864)"
"27870","18718","squeeze-plastico-750ml","Squeeze Plástico 750ml —  Squeeze plástico com capacidade de 750ml, possui tampa"
"27880","18916","garrafa-termica-900ml-2","Garrafa Térmica 900ml — Garrafa térmica de parede dupla em inox, capacidade de"
"27919","E@07058","garrafa-termica-350ml-3","Garrafa Térmica 350ml — Garrafa térmica de 350ml feita em aço inoxidável 304"
"27965","18816","garrafa-termica-inox-550ml-2","Garrafa Térmica Inox 550ml — Garrafa Térmica feita em Inox 304 com parede dupla e"
"27966","E@08057","garrafa-termica-350ml-4","Garrafa Térmica 350ml — A garrafa magnética que acompanha seu ritmo sem abrir mão"
"27976","E@08058","garrafa-termica-550ml-2","Garrafa Térmica 550ml — A garrafa magnética que acompanha seu ritmo sem abrir mão"
"28004","08272","necessaire-pu-2","Nécessaire PU — Um nécessaire versátil feito em poliuretano (PU)"
"28011","08273","necessaire-pu-3","Nécessaire PU — Este nécessaire confeccionado em poliuretano (PU)"
"28033","15253","necessaire-nylon","Nécessaire Nylon — Um nécessaire do tamanho ideal para manter todas as coisas"
"28046","15254","necessaire-poliester","Nécessaire Poliéster — Este é um nécessaire para transportar o essencial para o"
"28110","18806","necessaire-nylon-2","Nécessaire Nylon —  Este nécessaire em formato compacto é feito em nylon e"
"28118","18808","necessaire-pvc-impermeavel-6","Nécessaire PVC Impermeável — Um nécessaire que reúne espaço e praticidade de sobra para"
"28134","18809","necessaire-pvc-impermeavel-7","Nécessaire PVC Impermeável — Nécessaire de PVC e PU resistente à água, com duas alças"
"28165","08234","necessaire-poliester-2","Nécessaire Poliéster — Nossa nécessaire em poliéster PVC é ideal para quem"
"28236","18882","necessaire-nylon-3","Nécessaire Nylon — Organize itens de higiene com praticidade e estilo com esta"
"28263","18738","necessaire-poliester-4","Nécessaire Poliéster —  Um modelo de nécessaire versátil e espaçoso feita em"
"28280","18773","necessaire-de-couro-sintetico-2","Nécessaire de Couro Sintético —  Organização e elegância em um só acessório! Nossa"
"28315","18805","necessaire-poliester-5","Nécessaire Poliéster —  Perfeita para manter tudo organizado! Nossa nécessaire"
"28320","18807","necessaire-nylon-4","Nécessaire Nylon — Nécessaire confeccionada em nylon, com frente em visor"
"28325","18811","necessaire-pu-5","Nécessaire PU —  A nossa Nécessaire feita em PU possui um design de"
"28359","E@18751","necessaire-pu-6","Nécessaire PU — Sofisticada e funcional, apresentamos a nécessaire que foi"
"28372","E@18756","necessaire-pu-8","Nécessaire PU — A combinação perfeita entre delicadeza e qualidade, esta"
"28403","13622","necessaire-de-nylon-3","Nécessaire de Nylon — Mantenha tudo mais organizado em sua rotina com este"
"28425","14722","necessaire-de-nylon-5","Nécessaire de Nylon —  Um nécessaire multiuso feito a partir de materiais leves e"
"28436","14937","necessaire-de-poliester","Nécessaire de Poliéster —  Nécessaire confeccionada em poliéster com detalhes em"
"28450","15050","necessaire-nylon-5","Nécessaire Nylon — Nécessaire confeccionada em nylon com detalhes em couro"
"28491","15116","necessaire-de-couro-sintetico-3","Nécessaire de Couro Sintético — Nécessaire em couro sintético resistente à água com alça"
"28498","18753","necessaire-de-poliester-2","Nécessaire de Poliéster — Nécessaire confeccionada em poliéster, com detalhes em"
"28505","18804","necessaire-pu-10","Nécessaire PU — Estilosa e espaçosa, esta nécessaire se destaca com sua"
"28511","18810","necessaire-pvc-2","Nécessaire PVC — Nécessaire de PVC e PU com duas divisórias, uma delas em — Nécessaire de PVC e PU com duas divisórias, uma delas em malha respirável, e duas alças"
"28568","06078","conjunto-caneta-e-lapiseira-metal-2","Conjunto Caneta e Lapiseira Metal — Conjunto de caneta e lapiseira metálicas em estojo de"
"28583","08094","conjunto-caneta-e-lapiseira-metal-3","Conjunto Caneta e Lapiseira Metal — Com este conjunto de caneta e lapiseira metálicas, escrever"
"28595","07005","conjunto-caneta-e-lapiseira-metal-4","Conjunto Caneta e Lapiseira Metal — Conjunto de caneta e lapiseira metálicas em estojo metal"
"28684","P@177PAR","conjunto-caneta-e-lapiseira-metal-12","Conjunto Caneta e Lapiseira Metal — Conjunto caneta e lapiseira em estojo de cartonagem com — Conjunto caneta e lapiseira em estojo de cartonagem com placa central para (Cód. 28684)"
"28706","08188","power-bank-10-000mah-com-indicador-led","Power Bank 10.000mAh com Indicador LED — Não fique sem bateria nos momentos mais importantes do dia"
"28743","08009","power-bank-10-000mah-com-lanterna-e-multissaidas-3","Power Bank 10.000mAh com Lanterna e Multissaídas — Carregador power bank de 10.000mAh com lanternas e"
"28753","05037","power-bank-10-000mah-com-indicador-led-2","Power Bank 10.000mAh com Indicador LED — Carregador portátil plástico com 10.000mAh e indicador led"
"28759","08011","power-bank-10-000mah-com-lanterna-e-multissaidas-4","Power Bank 10.000mAh com Lanterna e Multissaídas — vv Carregador power bank de 10.000mAh com lanternas e múltiplas saídas. Fabricado em"
"28818","06005","power-bank-10-000mah-com-indicador-led-3","Power Bank 10.000mAh com Indicador LED —  Power bank plástico de 10.000mAh com indicadores led de"
"28851","06052","power-bank-10-000mah-com-carregamento-via-inducao-ou-via-cabo-2","Power Bank 10.000mAh com Carregamento via Indução ou via Cabo — Carregador portátil power bank com 10.000mAh e carregamento"
"28871","E@10069","garrafa-termica-1-litro-5","Garrafa Térmica 1 Litro — Garrafa Térmica com parede dupla, capacidade de 1 Litro"
"28875","05038","power-bank-10-000mah-com-carregamento-via-inducao-ou-via-cabo-3","Power Bank 10.000mAh com Carregamento via Indução ou via Cabo — Carregador portátil plástico via indução ou via cabo com"
"29075","05053","lanterna-plastica-recarregavel","Lanterna Plástica Recarregável — de um led com 3 estágios de iluminação e dois leds"
"29215","12514N","caderneta-emborrachada-2","Caderneta Emborrachada — A Caderneta Emborrachada Personalizada é perfeita para ações promocionais, brindes"
"29268","18724","kit-manicure-16-pecas-2","Kit Manicure 16 Peças — em estojo de couro sintético estilo envelope, contém: tesoura, alicate de cutícula"
"29280","18937","caderno-ecologico-com-caneta-2","Caderno Ecológico com Caneta —  Um caderno feito para quem deseja anotar ideias e projetos"
"29292","06098","caderno-ecologico-com-caneta-3","Caderno Ecológico com Caneta — , capa produzida em papelão com detalhe texturizado e verso"
"29351","08181","caderneta-emborrachada-4","Caderneta Emborrachada — Organize seus planejamentos de forma mais eficiente com"
"29378","09000","caderneta-em-pu-2","Caderneta em PU — com marcador de página em cetim e fita elástica para"
"29413","11198","caderneta-em-pu-3","Caderneta em PU — Organize seus planejamentos e faça registros em nossa"
"32428","18995","estojo-de-papelao-2","estojo de papelão —  Estojo em papelão e revestimento removível de duas camadas"
"32436","18998","caixa-para-presente","Caixa para Presente — feita em papelão com acabamento levemente texturizado e"
"32443","18999","caixa-para-presente-2","caixa para presente — A caixa para presente é o toque final que transforma qualquer lembrança em algo"
"32464","08344","mochila-poliester-18-litros","Mochila Poliéster 18 Litros — Mochila de design ágil, feita em poliéster impermeável e"
"32642","08170","caneta-metal-7","Caneta Metal — Caneta esferográfica com carga azul de 1.0mm. Possui"
"32655","08185","caneta-metal-touch-4","Caneta Metal Touch — Caneta esferográfica com carga azul de 1.0mm e acionamento"
"32699","08274","bolsa-termica-20-litros-2","Bolsa Térmica 20 Litros — Bolsa térmica com capacidade de até 20 litros. Feita em"
"32714","08275","bolsa-termica-18-litros-3","Bolsa Térmica 18 Litros — Bolsa térmica em formato cilíndrico com capacidade de até"
"32820","09057","caneta-metal-8","Caneta Metal — Caneta esferográfica de carga azul de 1.0mm com acionamento"
"32856","18955","bolsa-termica-6-litros-5","Bolsa Térmica 6 Litros —  Bolsa térmica confeccionada em Oxford resistente à água e"
"32864","18957","bolsa-termica-10-litros-5","Bolsa Térmica 10 Litros — Bolsa térmica em Oxford resistente à água e capacidade"
"32884","18896","caneca-termica-12l-2","Caneca Térmica 1,2L —  Caneca térmica com capacidade de 1,2 litros feita em inox"
"32893","18901","necessaire-de-couro-sintetico-4","Nécessaire de Couro Sintético — Excelente solução para quem busca organização e praticidade"
"32916","18969","copo-termico-900ml","Copo Térmico 900ml — Copo térmico em aço inox com capacidade de até 900ml"
"32991","18988","porta-retrato-pvc","Porta-Retrato PVC — Porta-retratos para fotos 10 x 15 com ideal para uso na"
"32995","18990A","porta-retrato-mdf","Porta-Retrato MDF — Porta-retratos para fotos 10 x 15, ideal para uso na"
"32998","18992","umidificador-de-ar-com-led","Umidificador de Ar com LED — Umidificador de ar com construção em plástico, iluminação"
"33004","18993","umidificador-de-ar-com-led-2","Umidificador de Ar com LED — Umidificador de ar feito em plástico, com design inspirado"
"35006","18885","pochete-oxford","Pochete Oxford — Compacta e funcional, nossa pochete é ideal para quem quer"
"35042","15255","pochete-oxford-2","Pochete Oxford —  Uma pochete compacta e resistente, pronta para qualquer"
"35559","01332","mini-bolsa-transversal-oxford","Mini Bolsa Transversal Oxford —  Mini bolsa confeccionada em tecido Oxford resistente à"
"35576","08282","porta-comprimidos-plastico","Porta Comprimidos Plástico — Porta-comprimidos compacto feito em plástico obtido da"
"35586","08283","porta-comprimidos-plastico-2","Porta-Comprimidos Plástico — Um porta-comprimidos em plástico com design compacto"
"35706","08136A","caneta-metal-touch-5","Caneta Metal Touch — Caneta metálica com detalhes emborrachados no corpo para"
"35743","05030","caneta-plastica-24","Caneta Plástica —  Caneta plástica com detalhe emborrachado e acionamento por clique, carga esferográfica"
"35751","13499B","caneta-plastica-touch-com-suporte","Caneta Plástica Touch com Suporte —  Caneta plástica com suporte para celular e touch screen"
"35761","00204","caneta-plastica-25","Caneta Plástica — com clip metálico vazado, carga esferográfica azul 1.0mm e"
"35775","03011C","caneta-plastica-27","Caneta Plástica — com detalhe emborrachado, carga esferográfica azul 1.0 mm e — Caneta plástica com detalhe emborrachado, carga esferográfica azul 1.0 mm e acionamento (Cód. 35775)"
"35796","12411","caneta-plastica-29","Caneta Plástica —  Caneta plástica com carga esferográfica azul 1.0 mm e acionamento por clique. &nbsp; (Cód. 35796)"
"35802","ER198B","caneta-plastica-touch-7","Caneta Plástica Touch — Caneta plástica com touch screen, carga esferográfica"
"35811","00511","caneta-plastica-30","Caneta Plástica —  Caneta plástica com detalhe emborrachado, carga esferográfica azul 1.0 mm e acionamento (Cód. 35811)"
"35816","03017","caneta-plastica-31","Caneta Plástica —  Caneta plástica com carga esferográfica azul 1.0 mm e acionamento por clique. &nbsp; (Cód. 35816)"
"35819","08044B","caneta-metal-touch-6","Caneta Metal Touch — Caneta metálica com clipe plástico e ponteira touch, carga"
"35828","13513","caneta-plastica-32","Caneta Plástica —  Caneta plástica com carga esferográfica azul 1.0 mm e acionamento por clique. &nbsp; (Cód. 35828)"
"35836","ER2037","caneta-plastica-marca-texto-3","Caneta Plástica Marca Texto —  Caneta plástica com marca texto, contém detalhe"
"35877","04090","pasta-para-notebook-156-de-poliester","Pasta para Notebook 15’6 de Poliéster — Pasta para Caderno de Poliéster 15'6 Pasta para notebook"
"35895","03011D","caneta-plastica-34","Caneta Plástica —  Caneta plástica com detalhe emborrachado, carga esferográfica azul 1.0 mm e acionamento (Cód. 35895)"
"35912","12415","caneta-plastica-35","Caneta Plástica — com carga esferográfica azul 1.0 mm e acionamento por — Caneta plástica com carga esferográfica azul 1.0 mm e acionamento por rotação. &nbsp;"
"35918","18521","caneta-plastica-36","Caneta Plástica — com carga esferográfica azul 1.0 mm e acionamento por — Caneta plástica com carga esferográfica azul 1.0 mm e acionamento por clique. &nbsp; (Cód. 35918)"
"35930","3017B","caneta-plastica-37","Caneta Plástica —   Caneta plástica com carga esferográfica azul 1.0 mm e acionamento por clique. &nbsp;"
"35939","3017D","caneta-plastica-33","Caneta Plástica — com carga esferográfica azul 1.0 mm e acionamento por — Caneta plástica com carga esferográfica azul 1.0 mm e acionamento por clique. &nbsp; (Cód. 35939)"
"35964","00401T","caneta-plastica-39","Caneta Plástica — translúcida com carga esferográfica azul 1.0 mm e"
"35982","00518","caneta-plastica-40","Caneta Plástica — com detalhe emborrachado, carga esferográfica azul 1.0 mm e — Caneta plástica com detalhe emborrachado, carga esferográfica azul 1.0 mm e acionamento (Cód. 35982)"
"35991","00634","caneta-plastica-41","Caneta Plástica —  Caneta plástica com detalhe strass, carga esferográfica azul 1.0 e acionamento por"
"36936","13499P","caneta-ecologica-touch-com-suporte-2","Caneta Ecológica Touch com Suporte — Caneta de papelão com detalhes plásticos, contém suporte — Caneta de papelão com detalhes plásticos, contém suporte para celular e touch screen"
"36950","01095L","caneta-plastica-65","Caneta Plástica — com carga esferográfica azul 1.0 e acionamento por clique"
"36970","15085T","caneta-plastica-66","Caneta Plástica — com carga esferográfica azul 1.0mm e acionamento por — Caneta plástica com carga esferográfica azul 1.0mm e acionamento por clique. OBS.: (Cód. 36970)"
"36984","14791","caneta-metal-28","Caneta Metal — Caneta metálica com carga esferográfica azul e acionamento — Caneta metálica com carga esferográfica azul e acionamento por rotação. Largura :  1,3cm"
"36989","14675","caneta-metal-29","Caneta Metal — Conjunto caneta de metal com detalhes em bambu e estojo de"
"37059","12729","caneta-plastica-70","Caneta Plástica — com carga esferográfica azul 1.0 mm e acionamento por — Caneta plástica com carga esferográfica azul 1.0 mm e acionamento por clique. &nbsp; (Cód. 37059)"
"37169","14858","caneta-metal-36","Caneta Metal — Caneta metálica com carga esferográfica azul 1.0mm e — Caneta metálica com carga esferográfica azul 1.0mm e acionamento por clique. Largura : "
"37268","01091T","caneta-plastica-translucida","Caneta Plástica Translúcida — Caneta plástica com carga esferográfica azul 1.0 mm e"
"37283","01095T","caneta-plastica-81","Caneta Plástica — com carga esferográfica azul 1.0 mm e acionamento por — Caneta plástica com carga esferográfica azul 1.0 mm e acionamento por clique.  &nbsp;"
"37285","09078","caneta-metal-40","Caneta Metal — Caneta metálica com detalhes emborrachados no corpo"
"37289","01096","caneta-plastica-82","Caneta Plástica —  Caneta plástica com detalhe emborrachado, carga esferográfica azul 1.0 mm e acionamento (Cód. 37289)"
"37362","13360","caneta-plastica-85","Caneta Plástica — : Caneta plástica com carga esferográfica azul e acionamento por clique. &nbsp; OBS.:"
"37369","00708P","caneta-ecologica-touch-com-suporte-3","Caneta Ecológica Touch com Suporte — Caneta de papelão com detalhes plásticos, contém suporte — Caneta de papelão com detalhes plásticos, contém suporte para celular, ponteira touch"
"37373","14968","caneta-plastica-touch-com-suporte-2","Caneta Plástica Touch com Suporte — Caneta plástica com suporte para celular e ponteira touch"
"37404","08161A","caneta-metal-45","Caneta Metal — Caneta metálica com acionamento por clique e carga — Caneta metálica com acionamento por clique e carga esferográfica azul de 1.0mm, uma"
"37424","A1801","caneta-metal-49","Caneta Metal —  Caneta metálica com carga esferográfica azul 1.0mm e"
"37457","15061","caneta-metal-51","Caneta Metal — Caneta metálica com carga esferográfica azul 1.0mm e — Caneta metálica com carga esferográfica azul 1.0mm e acionamento por rotação. Altura :  (Cód. 37457)"
"37462","15060","caneta-metal-52","Caneta Metal — Caneta metálica com carga esferográfica azul 1.0mm e — Caneta metálica com carga esferográfica azul 1.0mm e acionamento por rotação. Altura :  (Cód. 37462)"
"37470","15018B","caneta-plastica-87","Caneta Plástica — com carga esferográfica azul 1.0mm e acionamento por — Caneta plástica com carga esferográfica azul 1.0mm e acionamento por clique. &nbsp; OBS.:"
"37492","14961","caneta-plastica-89","Caneta Plástica — com acionamento por rotação e carga esferográfica azul"
"37524","01097A","caneta-plastica-92","Caneta Plástica — com carga esferográfica azul 1.2 mm e acionamento por"
"37582","18527","caneta-plastica-102","Caneta Plástica — translúcida colorida com detalhe inferior emborrachado"
"37593","14956","caneta-plastica-104","Caneta Plástica —  Caneta plástica com carga esferográfica azul 1.0mm e acionamento por clique. &nbsp;"
"37645","ER193B","caneta-semimetal-3","Caneta Semimetal —  Caneta semimetálica, carga esferográfica azul e"
"37653","P@13716","caneta-semimetal-4","Caneta Semimetal — Caneta semimetálica, carga esferográfica azul e acionamento — Caneta semimetálica, carga esferográfica azul e acionamento por clique. Medidas"
"37659","14554","caneta-semimetal-5","Caneta Semimetal — Caneta semimetálica com detalhes em cristal, carga"
"37665","13991","caneta-metal-touch-28","Caneta Metal Touch — Caneta metálica com touch screen e detalhes em cristal — Caneta metálica com touch screen e detalhes em cristal, carga esferográfica azul e (Cód. 37665)"
"40188","01115","garrafa-termica-inox-350ml-c-capa","Garrafa Térmica Inox 350Ml C/ Capa — Garrafa térmica 350ml em inox com tampa rosqueável, tampa — Garrafa térmica 350ml em inox com tampa rosqueável, tampa interna em plástico"
"40191","10191","bloco-de-anot-c-autoadesivos","Bloco de Anot. C/ Autoadesivos — Bloco de anotações em couro sintético com autoadesivos"
"40195","12385CD","porta-documento-em-couro-sintetico","Porta Documento em Couro Sintético — Porta-documento em couro sintético com cantoneira dourada"
"40196","12385CP","porta-documento-em-couro-sintetico-2","Porta Documento em Couro Sintético — Porta-documento em couro sintético com cantoneira prata"
"40204","10006CX","porta-bolsa-dobravel-redondo","Porta Bolsa Dobravel Redondo — Porta bolsa de metal dobrável, possui chapa central redonda"
"40212","01810","mouse-pad-ergonomico","Mouse Pad Ergonômico — de neoprene com apoio de silicone para o punho. Parte"
"40223","12513PI","caderneta-emborrachada-5","Caderneta Emborrachada — com elástico para lacre e marcador de página em"
"40225","12514","caderneta-emborrachada-7","Caderneta Emborrachada — com pauta, elástico para lacre e marcador de página em"
"40240","12262L","caneta-plastica-45","Caneta Plástica — com carga esferográfica azul 1.0mm e acionamento por — Caneta plástica com carga esferográfica azul 1.0mm e acionamento por"
"40242","ER192B","caneta-semimetal-2","Caneta Semimetal — Caneta semimetálica, carga esferográfica azul e acionamento — Caneta semimetálica, carga esferográfica azul e acionamento por"
"40243","ER143B","caneta-metal-15","Caneta Metal — Caneta metálica com carga esferográfica azul e acionamento — Caneta metálica com carga esferográfica azul e acionamento por (Ref. ER143B)"
"40250","ER168B","caneta-metal-17","Caneta Metal — Caneta metálica com detalhes em cristal, carga"
"40254","ER166B","caneta-metal-22","Caneta Metal — Caneta metálica com carga esferográfica azul e acionamento por (Cód. 40254)"
"40258","ER165B","caneta-metal-30","Caneta Metal — Caneta metálica com carga esferográfica azul e acionamento por (Cód. 40258)"
"40322","01097C","caneta-plastica-leitosa","Caneta Plástica Leitosa — Caneta plástica com carga esferográfica azul e acionamento — Caneta plástica com carga esferográfica azul e acionamento por clique. OBS.: PEDIDOS (Ref. 01097C)"
"40332","13042","necessaire-de-couro-sintetico-7","Necessaire de Couro Sintético — Necessaire em couro sintético texturizado com uma placa"
"40338","13066A","caneta-semi-metal","Caneta Semi - Metal — Caneta semimetálica com carga esferográfica azul e — Caneta semimetálica com carga esferográfica azul e acionamento no clipe. OBS.: PEDIDO"
"40340","13067","caneta-semi-metal-3","Caneta Semi - Metal — Caneta semimetálica com carga esferográfica azul e — Caneta semimetálica com carga esferográfica azul e acionamento por"
"40360","4267B","chaveiro-metal-abridor-3","Chaveiro Metal Abridor — Chaveiro abridor metálico com acabamento"
"40366","12901","caixa-de-som-multimidia-4","Caixa de Som Multimídia — com estrutura em plástico e metal e detalhes emborrachados"
"40379","13254N","sacola-plastica","Sacola Plástica — Sacola de pvc de frente e verso liso, possui alça com"
"40389","13311","caneta-metal-touch-11","Caneta Metal Touch — Caneta metálica com touch screen e detalhes em cristal, carga esferográfica azul e (Ref. 13311)"
"40391","P$09024","bandeja-melamina","Bandeja Melamina — Uma bandeja retangular versátil feita em melamina material"
"40393","P$09025","bandeja-melamina-3","Bandeja Melamina — Esta é uma bandeja retangular multifuncional feita em"
"40394","P$09026","bandeja-melamina-4","Bandeja Melamina — Uma bandeja retangular feita em melamina, material"
"40396","P$09028","bandeja-melamina-6","Bandeja Melamina — Esta bandeja retangular, feita em melamina — material"
"40397","P$09029","bandeja-melamina-7","Bandeja Melamina — Esta bandeja retangular é um item versátil feito em"
"40405","13383","lanterna-de-aluminio","Lanterna de Alumínio — com 1 led e botão de acionamento emborrachado. Alimentada"
"40417","02077","caneta-metal-34","Caneta Metal — Caneta metálica com carga esferográfica azul 1.0 mm e"
"40437","13618","estojo-de-nylon","Estojo de Nylon — inteiro colorido com zíper e parte interna"
"40441","13629C","caneta-plastica-46","Caneta Plástica — com tampa. Carga esferográfica azul. OBS.: PEDIDOS MÍNIMO"
"40443","13631","caneta-plastica-47","Caneta Plástica — com carga esferográfica azul e acionamento por clique — Caneta plástica com carga esferográfica azul e acionamento por clique. QUANTIDADE MÍNIMA"
"40445","12513SN","caderneta-emborrachada-8","Caderneta Emborrachada — com elástico para lacre e marcador de página em cetim, contém (Cód. 40445)"
"40457","13708","caderno-capa-emborrachada","Caderno Capa Emborrachada — Caderno emborrachado de frente e verso lisa com espiral"
"40462","13774","bloco-de-anot-c-autoadesivos-2","Bloco de Anot. C/ Autoadesivos — Bloco de anotações ecológico com caneta reciclada. Possui"
"40463","13780","sacola-tnt-com-alca","Sacola Tnt com Alça — Sacola colorida com alça em material TNT, possui símbolo"
"40466","13790","tag-identificador-de-bagagem","Tag Identificador de Bagagem — de couro sintético. Parte frontal com bolso de visor"
"40469","13803N","sacola-de-algodao","Sacola de Algodão — com alças costuradas na parte — Sacola de algodão com alças costuradas na parte (Ref. 13803N)"
"40470","13804N","sacola-de-algodao-2","Sacola de Algodão — com alças costuradas na parte — Sacola de algodão com alças costuradas na parte (Ref. 13804N)"
"40480","02069","caixa-de-som-multimidia-8","Caixa de Som Multimídia — com estrutura em plástico, acabamento nos falantes em"
"40481","02070","caixa-de-som-multimidia-9","Caixa de Som Multimídia — com estrutura em plástico, tela em malha para a proteção do"
"40483","02075","guarda-chuva-2","Guarda-Chuva — com tecido de nylon e abertura automática, basta acionar o"
"40484","02078","guarda-chuva-invertido","Guarda-Chuva Invertido — com forro interno. Tecido de nylon impermeável preto"
"40488","01098L","caneta-plastica-48","Caneta Plástica — com carga esferográfica azul e acionamento por clique. OBS.: PEDIDOS (Cód. 40488)"
"40489","01098T","caneta-plastica-translucida-2","Caneta Plástica Translucida — Caneta plástica com carga esferográfica azul e acionamento"
"40494","02007","porta-relogios-com-6-divisorias-3","Porta-Relógios com 6 Divisórias — Porta-relógios com aacabamento texturizado em couro"
"40503","13930","plaquinha-p-gravacao-em-metal","Plaquinha P/ Gravação em Metal — Plaquinha metálica para personalização. Possui acabamento — Plaquinha metálica para personalização. Possui acabamento fosco, hastes laterais com"
"40504","06161C","caneta-plastica-49","Caneta Plástica — com carga esferográfica azul e acionamento por clique — Caneta plástica com carga esferográfica azul e acionamento por clique. OBS.: PEDIDOS (Ref. 06161C)"
"40505","06161L","caneta-plastica-leitosa-3","Caneta Plástica Leitosa — Caneta plástica com carga esferográfica azul e acionamento — Caneta plástica com carga esferográfica azul e acionamento por clique. OBS.: PEDIDOS (Ref. 06161L)"
"40511","09022","porta-relogios-9","Porta-Relógios — Este é um porta-relógios com acabamento refinado em couro sintético à base de PVC. Ele"
"40512","P$CX8918","porta-joias-5","Porta-Joias — Maleta porta-joias em couro sintético com textura crocodilo, espelho interno e trava de"
"40514","01812","mouse-pad-2","Mouse Pad — Um mouse pad retangular que combina com qualquer ambiente. Feito em poliéster flexível"
"40518","01099B","caneta-plastica-50","Caneta Plastica — Caneta plástica com carga esferográfica azul e acionamento — Caneta plástica com carga esferográfica azul e acionamento por clique. OBS.: PEDIDOS (Ref. 01099B)"
"40521","02087","garrafa-termica-450ml-2","Garrafa Térmica 450Ml — colorida com sistema de trava. Material metálico com"
"40529","18520","caneta-plastica-51","Caneta Plastica — Caneta plástica com carga esferográfica azul e acionamento por clique. OBS.: PEDIDOS (Ref. 18520)"
"40533","14072","mochila-poliester-3","Mochila Poliester — Mochila confeccionada em poliéster com compartimento para"
"40534","14075","mochila-poliester-4","Mochila Poliester — Mochila poliéster com compartimento para notebook. Possui"
"40538","14091","caderneta-emborrachada-com-porta-caneta","Caderneta Emborrachada com Porta Caneta — elástico em nylon, marcador de página em cetim e fita (Ref. 14091)"
"40541","02089","caneta-plastica-52","Caneta Plástica — com detalhe emborrachado, carga esferográfica azul e acionamento por (Ref. 02089)"
"40545","18524","bolsa-termica-10l","Bolsa Térmica 10L — Bolsa térmica em tnt 10"
"40546","14131","mochila-nylon-18l","Mochila Nylon 18L — Mochila de nylon 18L com compartimento para notebook. Dois"
"40548","02095","kit-ferramenta-11-pcs-estojo-plastico","Kit Ferramenta 11 Pçs Estojo Plástico — Kit ferramenta 11 peças em estojo plástico. Maleta plástica com detalhe retangular no (Ref. 02095)"
"40549","18530","kit-ferramenta-11-pcs-estojo-plastico-2","Kit Ferramenta 11 Pçs Estojo Plástico — Kit ferramenta 11 peças em estojo plástico. Maleta plástica com detalhe retangular no (Ref. 18530)"
"40556","01095C","caneta-plastica-53","Caneta Plástica — com carga esferográfica azul e acionamento por"
"40559","01093","suporte-p-celular-em-acrilico","Suporte P/ Celular em Acrilico — Suporte acrílico para (Cód. 40559)"
"40562","13066B","caneta-semi-metal-4","Caneta Semi - Metal — INDISPONÍVEL"
"40563","14268","lanterna-de-aluminio-2","Lanterna de Alumínio — com alça. Possui um led acionado através do botão"
"40566","01096T","caneta-plastica-54","Caneta Plástica — com detalhe emborrachado, carga esferográfica azul e acionamento por (Cód. 40566)"
"40568","18543","caneta-metal-c-touch","Caneta Metal C/ Touch — Caneta metal com touch screen, carga esferográfica azul e"
"40569","14323","mochila-saco","Mochila Saco — confeccionada em poliéster. Possui compartimento principal"
"40573","18550F","squeeze-750ml-inox-c-alca","Squeeze 750Ml Inox C/ Alça — Squeeze inox 750ml com alça para transporte, possui tampa — Squeeze inox 750ml com alça para transporte, possui tampa com detalhe emborrachado e (Ref. 18550F)"
"40574","18550B","squeeze-750ml-inox-c-alca-2","Squeeze 750Ml Inox C/ Alça — Squeeze inox 750ml com alça para transporte, possui tampa com detalhe emborrachado e (Cód. 40574)"
"40606","03005","caderneta-de-couro-sintetico-2","Caderneta de Couro Sintético —  Caderneta de couro sintético, marcador de página em cetim e fita elástica para fechar"
"40607","03009","caderneta-emborrachada-9","Caderneta Emborrachada — com marcador de página em cetim e fita elástica para"
"40608","03012","plaquinha-p-gravacao-em-metal-2","Plaquinha P/ Gravação em Metal — Plaquinha metálica para personalização. Possui acabamento — Plaquinha metálica para personalização. Possui acabamento fosco, hastes sem ponta na"
"40614","01091C","caneta-plastica-55","Caneta Plástica — com carga esferográfica azul e acionamento por clique — Caneta plástica com carga esferográfica azul e acionamento por clique. OBS.: PEDIDOS (Ref. 01091C)"
"40616","14429S","caderneta-emborrachada-com-porta-caneta-2","Caderneta Emborrachada com Porta Caneta — em nylon, marcador de página em cetim e fita elástica para — Caderneta emborrachada com porta caneta em nylon, marcador de página em cetim e fita (Ref. 14429S)"
"40620","14435","suporte-p-celular-3","Suporte P/ Celular — Suporte retrátil para celular em material plástico com"
"40622","A1812B","caneta-metal-37","Caneta Metal — Caneta metálica com carga esferográfica azul e acionamento por (Cód. 40622)"
"40623","A1812D","caneta-metal-38","Caneta Metal — Caneta metálica com carga esferográfica azul e acionamento por (Cód. 40623)"
"40626","A1803A","caneta-metal-43","Caneta Metal — Caneta metálica com carga esferográfica azul e acionamento — Caneta metálica com carga esferográfica azul e acionamento por (Ref. A1803A)"
"40628","A1807B","caneta-metal-47","Caneta Metal — Caneta metálica com carga esferográfica azul e acionamento — Caneta metálica com carga esferográfica azul e acionamento por (Ref. A1807B)"
"40630","14429P","caderneta-emborrachada-com-porta-caneta-3","Caderneta Emborrachada com Porta Caneta — em nylon, marcador de página em cetim e fita elástica para — Caderneta emborrachada com porta caneta em nylon, marcador de página em cetim e fita (Ref. 14429P)"
"40649","14493","chaveiro-capacete-epi","Chaveiro Capacete Epi — Chaveiro capacete de segurança EPI, material"
"40651","14498","copo-fibra-de-arroz-350ml","Copo Fibra de Arroz 350Ml — Copo em fibra de arroz biodegradável com capacidade para"
"40660","14528","mochila-p-notebook","Mochila P/ Notebook — Mochila com compartimento para notebook até 14 polegadas"
"40664","14535","caneta-metal-54","Caneta Metal — Caneta metálica triangular com carga esferográfica azul e"
"40671","04043","sacola-tnt-com-alca-2","Sacola Tnt com Alça — Sacola ecológica com bolso frontal externo e fundo amplo"
"40672","P$CX1251","porta-joias-7","Porta-Joias — em couro sintético levemente texturizado e revestimento"
"40674","P$CX1252","porta-joias-9","Porta-Joias — em tecido sintético levemente texturizado e revestimento"
"40676","P$CX1018","porta-joias-11","Porta-Joias — em couro sintético texturizado com revestimento interno"
"40679","P$1143","porta-joias-14","Porta-Joias — em tecido sintético com revestimento interno em veludo e"
"40680","P$1256","porta-joias-15","Porta-Joias — em couro sintético com trava de segurança para fechamento"
"40682","P$CX1340","porta-joias-17","Porta-Joias — em couro sintético com detalhes texturizados e trava de — Porta-joias em couro sintético com detalhes texturizados e trava de segurança para (Ref. P$CX1340)"
"40683","P$CX1341","porta-joias-18","Porta-Joias — em couro sintético com detalhes texturizados e trava de — Porta-joias em couro sintético com detalhes texturizados e trava de segurança para (Ref. P$CX1341)"
"40685","P$CX8200","porta-joias-20","Porta-Joias — com revestimento externo aveludado em formato cilíndrico e"
"40686","P$CX1245","porta-joias-21","Porta-Joias — em couro sintético levemente texturizado, fechamento em"
"40701","14375C","squeeze-plastico-550ml-2","Squeeze Plastico 550Ml — Squeeze de polietileno 550ml com tampa plástica rosqueável, contém alça e tampa protetora (Cód. 40701)"
"40711","01326","mochila-de-nylon-usb-20l-3","Mochila de Nylon Usb 20L — Mochila confeccionada em nylon resistente à água com"
"40726","14375","squeeze-plastico-550ml-5","Squeeze Plastico 550Ml — Squeeze de polietileno 550ml com tampa plástica rosqueável, contém alça e tampa protetora (Cód. 40726)"
"40727","18607","espelho-duplo-sem-aumento-plastico","Espelho Duplo Sem Aumento Plástico — Um espelho duplo funcional e compacto para levar junto para"
"40730","01618","porta-joias-25","Porta-Joias — quadrado em couro sintético com revestimento interno em"
"40771","14679L","caneta-plastica-leitosa-4","Caneta Plastica Leitosa — Caneta plástica com detalhe emborrachado, carga"
"40772","14679T","caneta-plastica-translucida-3","Caneta Plastica Translucida — Caneta plástica com detalhe emborrachado, carga"
"40778","21380","plaquinha-em-metal-p-gravacao","Plaquinha em Metal P/ Gravação — Plaquinha metálica para personalização. Possui acabamento — Plaquinha metálica para personalização. Possui acabamento brilhante, hastes sem ponta na"
"40780","21388","plaquinha-em-metal-p-gravacao-2","Plaquinha em Metal P/ Gravação — Plaquinha metálica quadrada para personalização. Possui"
"40781","21390","plaquinha-em-metal-p-gravacao-3","Plaquinha em Metal P/ Gravação — Plaquinha metálica para personalização. Possui acabamento — Plaquinha metálica para personalização. Possui acabamento brilhante, hastes com ponta na"
"40782","09800","plaquinha-em-metal-p-gravacao-4","Plaquinha em Metal P/ Gravação — Plaquinha metálica oval para personalização. Possui"
"40788","P$CX7870","porta-joias-27","Porta-Joias — em couro sintético e fechamento em zíper com puxador que"
"40790","13630C","caneta-plastica-56","Caneta Plástica — com carga esferográfica azul e acionamento por clique — Caneta plástica com carga esferográfica azul e acionamento por clique. OBS.: PEDIDOS (Ref. 13630C)"
"40791","14728P","caderneta-percalux","Caderneta Percalux — Caderneta em percalux com porta caneta, marcador de página"
"40792","14737","garrafa-plastica-700ml-4","Garrafa Plástica 700Ml — Garrafa plástica com capacidade de 700ml, possui uma tampa"
"40795","14739L","garrafa-plastica-700ml-5","Garrafa Plástica 700Ml — Garrafa de plástico com capacidade para 700ml, possui uma"
"40796","18111","suporte-para-celular-2","Suporte para Celular — Suporte plástico para celular, possui no verso fita dupla"
"40797","01093L","suporte-p-celular-em-acrilico-2","Suporte P/ Celular em Acrilico — Suporte acrílico para — Suporte acrílico para (Ref. 01093L)"
"40799","04081","caneca-termica-350ml-2","Caneca Termica 350Ml — Caneca térmica de inox com capacidade de 350ml, material"
"40804","14753","sacola-kraft-grande","Sacola Kraft Grande — Sacola em papel kraft com alça de papel. OBS.: PEDIDO"
"40806","01622","porta-joias-28","Porta-Joias — feito em couro sintético com revestimento interno em tecido"
"40808","12513PN","caderneta-emborrachada-10","Caderneta Emborrachada — com elástico para lacre e marcador de página em cetim, contém (Cód. 40808)"
"40810","14092N","caderneta-emborrachada-com-porta-caneta-4","Caderneta Emborrachada com Porta Caneta — elástico em nylon, marcador de página em cetim e fita — Caderneta emborrachada com porta caneta elástico em nylon, marcador de página em cetim e (Ref. 14092N)"
"40811","14759","garrafa-inox-500ml-2","Garrafa Inox 500Ml — Garrafa de Inox 500ml com tampa rosqueável e alça de nylon"
"40813","14728S","caderneta-percalux-2","Caderneta Percalux — Caderneta em percalux com marcador de página em cetim e"
"40824","12595N","caderneta-de-couro-sintetico-3","Caderneta de Couro Sintético — com elástico para lacre e marcador de página em cetim"
"40825","18672","pasta-executiva-para-tablet-e-notebook-13-polegadas-2","Pasta Executiva para Tablet e Notebook 13* Polegadas — Pasta executiva para tablet e notebook até 13* polegadas a"
"40826","18673","estojo-organizador-para-acessorios-eletronicos","Estojo Organizador para Acessórios Eletrônicos — , confeccionado em poliéster impermeável. Possui cinco"
"40827","14092SN","caderneta-emborrachada-com-porta-caneta-5","Caderneta Emborrachada com Porta Caneta — elástico em nylon, marcador de página em cetim e fita — Caderneta emborrachada com porta caneta elástico em nylon, marcador de página em cetim e (Ref. 14092SN)"
"40828","18675","plaquinha-metalica","Plaquinha Metálica — oval para personalização. Possui hastes com ponta na parte"
"40829","18676","plaquinha-metalica-2","Plaquinha Metálica — retangular para personalização. Possui hastes com ponta na"
"40836","12095","bolsa-de-ombro-em-nylon","Bolsa de Ombro em Nylon — com quatro compartimentos"
"40840","1098C","caneta-plastica-57","Caneta Plástica — com carga esferográfica 1.0mm azul e acionamento por"
"40843","04092","estojo-de-nylon-3","Estojo de Nylon — Estojo de proteção para eletrônicos, feito em nylon — Estojo de proteção para eletrônicos, feito em nylon resistente à água. Contém bolsos de"
"40844","04093","caneca-termica-350ml-3","Caneca Térmica 350Ml — Caneca térmica de inox em parede dupla livre de BPA"
"40846","04098","garrafa-termica-700ml-3","Garrafa Térmica 700Ml — Garrafa térmica de parede dupla em inox, capacidade de — Garrafa térmica de parede dupla em inox, capacidade de 700ml. Tampa com alça de"
"40847","18679L","garrafa-termica-700ml-4","Garrafa Termica 700Ml — Garrafa térmica de parede dupla em inox, capacidade de — Garrafa térmica de parede dupla em inox, capacidade de 700ml. Tampa principal com bocal e"
"40849","04097","garrafa-termica-550ml-3","Garrafa Térmica 550Ml — Garrafa térmica de parede dupla em inox, capacidade de 550ml. Tampa com alça de (Cód. 40849)"
"40853","13780N","sacola-de-tnt","Sacola de Tnt — com costura termo — Sacola de tnt com costura termo (Ref. 13780N)"
"40854","02081N","sacola-de-tnt-sem-alca","Sacola de Tnt Sem Alça — com costura termo — Sacola de tnt sem alça com costura termo (Ref. 02081N)"
"40855","05010","caneta-metal-touch-12","Caneta Metal Touch — Caneta metálica touchscreen com acionamento por clique, carga esferográfica azul (Cód. 40855)"
"40856","05000","caneta-metal-touch-13","Caneta Metal Touch — Caneta metálica touchscreen com acionamento por clique, carga esferográfica azul (Ref. 05000)"
"40857","05015","caneta-metal-touch-14","Caneta Metal Touch — Caneta metálica touchscreen com acabamento similar à borracha, acionamento por clique e (Cód. 40857)"
"40860","05017","caneta-metal-touch-15","Caneta Metal Touch — Caneta metálica touchscreen com acabamento similar à — Caneta metálica touchscreen com acabamento similar à borracha e parte inferior"
"40862","05019","caneta-metal-touch-16","Caneta Metal Touch — Caneta metálica touchscreen com parte inferior texturizada"
"40863","05011","caneta-metal-touch-17","Caneta Metal Touch — Caneta metálica touchscreen com acabamento similar à borracha, acionamento por clique e (Cód. 40863)"
"40864","05012","caneta-metal-touch-18","Caneta Metal Touch — Caneta metálica touchscreen com acionamento por clique, carga esferográfica azul (Cód. 40864)"
"40869","18705F","garrafa-termica-500ml-9","Garrafa Térmica 500Ml — feita em aço inoxidável 304, acompanha infusor de (Cód. 40869)"
"40870","18705B","garrafa-termica-500ml-10","Garrafa Térmica 500Ml — feita em aço inoxidável 304, acompanha infusor de (Cód. 40870)"
"40871","09761","mochila-de-nylon-usb-20l-6","Mochila de Nylon Usb 20L — Mochila de nylon 20 litros com três compartimentos, sendo o"
"40872","05008","mochila-de-couro-sintetico-30l","Mochila de Couro Sintético 30L — Mochila de couro sintético impermeável de 30 litros com"
"40874","14812","caderneta-ecologica","Caderneta Ecológica — Caderno ecológico com wire-o. Contém aproximadamente 80 páginas pautadas na cor (Cód. 40874)"
"40875","14813","caderneta-ecologica-2","Caderneta Ecológica — Caderno ecológico com wire-o. Contém aproximadamente 80 páginas pautadas na cor (Ref. 14813)"
"40881","P$13647B","guarda-chuva-automatico","Guarda-Chuva Automático — Guarda-chuva em poliéster com abertura automática por"
"40882","02082N","sacola-de-tnt-sem-alca-2","Sacola de Tnt Sem Alça — com costura termo — Sacola de tnt sem alça com costura termo (Ref. 02082N)"
"40883","13781N","sacola-de-tnt-2","Sacola de Tnt — com costura termo — Sacola de tnt com costura termo (Ref. 13781N)"
"40884","14818","bloco-de-anotacoes-ecologico","Bloco de Anotações Ecológico — com wire-o. Contém aproximadamente 80 páginas pautadas na"
"40885","14834","caneta-metal-56","Caneta Metal — Caneta metálica com acionamento por clique, carga esferográfica azul (Cód. 40885)"
"40886","05021","fone-bluetooth-c-carregador-2","Fone Bluetooth C/ Carregador — Fone de ouvido bluetooth com comandos touch e case"
"40902","05032","garrafa-termica-470ml","Garrafa Térmica 470Ml — Garrafa térmica feita em inox 304 com parede dupla"
"40925","10342B","escova-com-espelho","Escova com Espelho — em material plástico com acabamento"
"40927","05042","mini-ventilador-recarregavel-2","Mini Ventilador Recarregável — Mini ventilador plástico recarregável com base removível e"
"40930","05044","guarda-chuva-automatico-2","Guarda-Chuva Automático — de nylon com impacto impermeável e proteção UV, tecido"
"40932","05046","guarda-chuva-3","Guarda-Chuva — de poliéster de impacto impermeável com abertura"
"40942","14869","caderneta-emborrachada-12","Caderneta Emborrachada — com elástico para lacre e marcador de página em cetim, contém (Cód. 40942)"
"40944","14873","garrafa-plastica-700ml-6","Garrafa Plástica 700Ml — Garrafa de PVC com capacidade de"
"40945","14874","copo-fibra-de-arroz-550ml","Copo Fibra de Arroz 550Ml — Copo fibra de arroz com capacidade de 550ml. Feito em"
"40946","14875","copo-plastico-350ml-2","Copo Plástico 350Ml — Copo plástico com capacidade de 350ml, tampa com"
"40947","14877","caneca-plastica-400ml","Caneca Plástica 400Ml — Uma caneca plástica com design tradicional e minimalista"
"40948","14879N","sacola-de-algodao-3","Sacola de Algodão — 210g/m² com 16 fios e alças costuradas na parte"
"40969","04014","copo-termico","Copo Térmico — multiuso com parede dupla em inox, capacidade de 380ml"
"40970","06033","caneca-termica-12l","Caneca Térmica 1,2L — Caneca térmica com capacidade de 1,2 litros feita em inox 304 com parede dupla, contém (Ref. 06033)"
"40985","05084","chaveiro-metal-abridor-5","Chaveiro Metal Abridor — Um chaveiro abridor de garrafas feito em metal com um"
"40990","05085","chaveiro-metal-abridor-10","Chaveiro Metal Abridor — Chaveiro abridor metálico com construção leve e formato"
"40994","05086","guarda-chuva-automatico-3","Guarda-Chuva Automático — Guarda-chuva de poliéster com abertura automática — Guarda-chuva de poliéster com abertura automática, estrutura em aço e 16 varetas em fibra"
"41026","06293","porta-retrato-expositor-a6","Porta Retrato / Expositor A6 — Expositor porta retrato A6 feito em poliestireno com placa (Cód. 41026)"
"41039","06212","porta-retrato-expositor-a6-5","Porta Retrato / Expositor A6 — Expositor porta retrato A6 feito em poliestireno com placa (Cód. 41039)"
"41044","06252","porta-retrato-expositor-a6-6","Porta Retrato / Expositor A6 — Expositor porta retrato A6 feito em poliestireno com placa (Cód. 41044)"
"41056","06291","porta-retrato-expositor-a4","Porta Retrato / Expositor A4 — Expositor porta retrato A4 feito em poliestireno com placa (Cód. 41056)"
"41080","05099","guarda-chuva-5","Guarda-Chuva — automático em poliéster de impacto impermeável com bordas"
"41105","18717","porta-joias-43","Porta Joias — Porta-joias em couro sintético com revestimento aveludado e"
"41112","02111C","garrafa-termica-inox-400ml-2","Garrafa Térmica Inox 400Ml — Garrafa térmica feita em inox com parede dupla, capacidade — Garrafa térmica feita em inox com parede dupla, capacidade de 400ml. Tampa com trava de (Ref. 02111C)"
"41119","02111F","garrafa-termica-inox-400ml-9","Garrafa Térmica Inox 400Ml — Garrafa térmica feita em inox com parede dupla, capacidade — Garrafa térmica feita em inox com parede dupla, capacidade de 400ml. Tampa com trava de (Ref. 02111F)"
"41144","18721","espelho-duplo-sem-aumento-plastico-4","Espelho Duplo Sem Aumento Plástico — Este espelho duplo é uma opção prática para todas as horas"
"41163","06015","luminaria-articulavel-em-led-recarregavel","Luminária Articulável em Led Recarregável — e funcionamento touch, material plástico. Contém três"
"41167","06016","leque-de-papel","Leque de Papel — Leque ecológico feito em bambu e"
"41171","06017","porta-joias-45","Porta Joias — Porta-joias de couro sintético com revestimento aveludado. Possui compartimentos internos (Cód. 41171)"
"41174","06599","squeeze-borrifador-plastico-650ml","Squeeze Borrifador Plástico 650Ml — Squeeze bicolor plástico com borrifador e capacidade de"
"41182","14917S","caderneta-couro-sintetico-21x14","Caderneta Couro Sintético 21X14 — Caderneta em couro sintético emborrachado, possui marca página em cetim e elástico para (Cód. 41182)"
"41183","14917P","caderneta-couro-sintetico-21x14-2","Caderneta Couro Sintético 21X14 — Caderneta em couro sintético emborrachado, possui marca página em cetim e elástico para (Cód. 41183)"
"41196","06027","espelho-de-aco-inox","Espelho de Aço Inox — Espelho inquebrável de aço inoxidável ultra fino com verso"
"41197","04092B","estojo-de-nylon-4","Estojo de Nylon — Estojo de proteção para eletrônicos, feito em nylon — Estojo de proteção para eletrônicos, feito em nylon resistente à água. Contém bolsos"
"41198","06255","porta-retrato-expositor-a4-5","Porta Retrato / Expositor A4 — Expositor porta retrato A4 feito em poliestireno com placa (Cód. 41198)"
"41200","06390","fone-de-ouvido-bluetooth-com-case-carregador-6","Fone de Ouvido Bluetooth com Case Carregador — Fone de ouvido bluetooth com comandos touch e case"
"41203","1089T","caneta-plastica-translucida-4","Caneta Plastica Translucida — Caneta plástica translúcida com carga esferográfica azul e"
"41204","06029","caixa-de-som-bluetooth-tws-2","Caixa de Som Bluetooth Tws — Caixa de som sem fio com estrutura em plástico e base"
"41205","06030","caixa-de-som-multimidia-tws","Caixa de Som Multimídia Tws — Caixa de som multimídia em plástico com espaço superior"
"41207","06031","caixa-de-som-multimidia-11","Caixa de Som Multimídia — sem fio em plástico com detalhes que remetem à textura de"
"41213","06038","chaveiro-madeira","Chaveiro Madeira — Chaveiro em madeira com formato quadrado e argola de"
"41214","06039","caneta-metal-e-cortica","Caneta Metal e Cortiça — Caneta de cortiça com carga esferográfica azul 1.0mm e"
"41215","06041","guarda-chuva-automatico-7","Guarda-Chuva Automático — Guarda-chuva de poliéster com abertura automática — Guarda-chuva de poliéster com abertura automática, estrutura metálica com 16 varetas e"
"41217","06042","squeeze-plastico-550ml-6","Squeeze Plástico 550Ml — Um squeeze plástico versátil e seguro. Com capacidade"
"41219","01007","caneta-metal-e-cortica-2","Caneta Metal e Cortiça — Caneta metálica com detalhe em cortiça, carga esferográfica"
"41230","14934P","caderneta-capa-kraft","Caderneta Capa Kraft — Caderneta de kraft com marca página em cetim e elástico — Caderneta de kraft com marca página em cetim e elástico para lacre. Contém (Ref. 14934P)"
"41232","14934S","caderneta-capa-kraft-3","Caderneta Capa Kraft — Caderneta de kraft com marca página em cetim e elástico — Caderneta de kraft com marca página em cetim e elástico para lacre. Contém (Ref. 14934S)"
"41240","01355","mochila-de-nylon-20-litros","Mochila de Nylon 20 Litros — com 3 compartimentos, sendo o principal com bolso para"
"41241","18732","garrafa-inox-11-litros-2","Garrafa Inox 1,1 Litros — Garrafa de inox 1,1 litros com tampa rosqueável e alça"
"41242","14949","caneta-metal-touch-19","Caneta Metal Touch — Caneta metálica com touch screen, carga esferográfica azul — Caneta metálica com touch screen, carga esferográfica azul 1.0mm e acionamento por"
"41246","09097","caneca-termica-inox-800ml","Caneca Térmica Inox 800Ml — Caneca térmica de inox com capacidade para 800 ml, contém"
"41252","05169","guarda-chuva-manual","Guarda-Chuva Manual — cápsula em poliéster de impacto impermeável e tecido"
"41258","01356","mochila-de-nylon-24l","Mochila de Nylon 24L — Mochila de nylon 24 litros com três compartimentos, sendo o"
"41259","01442","bolsa-de-ombro","Bolsa de Ombro — em nylon com 2 compartimentos e bolso interno, possui saída"
"41260","06384C","caneta-metal-59","Caneta Metal — Caneta metálica com carga esferográfica azul 1.0mm e — Caneta metálica com carga esferográfica azul 1.0mm e acionamento por"
"41262","18732S","garrafa-inox-11-litros-3","Garrafa Inox 1,1 Litros — Garrafa de inox com acabamento metalizado, capacidade de"
"41264","05032B","garrafa-termica-470ml-3","Garrafa Térmica 470Ml — Garrafa térmica com capacidade de até 470ml feita em inox"
"41272","01035","kit-churrasco-4-pecas-5","Kit Churrasco 4 Peças — em estojo de nylon com alça. Contém: duas facas de corte"
"41274","04508","mochila-nylon-18l-2","Mochila Nylon 18L — Mochila de Nylon 18 litros com dois compartimentos, sendo"
"41281","14960","sacola-plastica-3","Sacola Plástica — Sacola confeccionada em PVC sem"
"41289","06050","mala-de-viagem-30l","Mala de Viagem 30L — Mala de viagem 30 litros com segredo, feita em plástico com"
"41292","01199","tag-identificador-de-bagagem-2","Tag Identificador de Bagagem — em couro sintético. Parte frontal com abertura para visor"
"41293","02388","bolsa-termica-16l","Bolsa Térmica 16L — Bolsa térmica de poliéster de 16 litros com bolso frontal e"
"41296","02826","copo-plastico-350ml-3","Copo Plástico 350Ml — com tampa de pressão. Tampa com acesso e trava de segurança"
"41301","06055","caneta-plastica-marca-texto-4","Caneta Plástica Marca Texto — Caneta plástica com marca texto com tampa protetora para o"
"41303","01115B","garrafa-termica-inox-350ml-c-capa-2","Garrafa Térmica Inox 350Ml C/ Capa — Garrafa térmica 350ml em inox com tampa rosqueável, tampa — Garrafa térmica 350ml em inox com tampa rosqueável, tampa interna em plástico resistente"
"41304","01117","garrafa-termica-750ml-8","Garrafa Térmica 750Ml — Garrafa térmica feita em inox parede dupla com capacidade"
"41309","P$0630A","enfeite-passaro","Enfeite Passáro — Enfeite decorativo de porcelana em formato de passarinho — Enfeite decorativo de porcelana em formato de passarinho com pés de (Ref. P$0630A)"
"41310","06054","porta-joias-48","Porta Jóias — Um mimo absoluto em forma de um porta-joias resistente e"
"41312","06064","fone-de-ouvido-bluetooth-touch-com-case-carregador","Fone de Ouvido Bluetooth Touch com Case Carregador — Fone de ouvido bluetooth com comandos touch e case"
"41314","18739","kit-para-anotacoes-com-caneta-5","Kit para Anotações com Caneta — Kit para anotações em couro sintético com autoadesivos e"
"41327","06059","espelho-de-aco-inox-2","Espelho de Aço Inox — Espelho inquebrável de aço inoxidável com design ultrafino, resistência e durabilidade (Cód. 41327)"
"41328","06060","espelho-de-aco-inox-3","Espelho de Aço Inox — Espelho inquebrável de aço inoxidável com design ultrafino, resistência e durabilidade (Cód. 41328)"
"41334","04399","sacola-de-algodao-5","Sacola de Algodão — 300g/m² com alças costuradas na parte"
"41335","04198","sacola-de-algodao-6","Sacola de Algodão — 280g/m² com alças costuradas na parte"
"41336","01909","estojo-de-nylon-5","Estojo de Nylon — com zíper equipado com duas alças"
"41339","03590","caneca-inox-370ml","Caneca Inox 370Ml — Caneca em inox com capacidade de"
"41342","02405","necessaire-de-couro-sintetico-13","Nécessaire de Couro Sintético — Nécessaire com zíper e couro sintético. Possui abertura"
"41344","06072","caneta-metal-touch-21","Caneta Metal Touch — Caneta metálica touchscreen com acionamento por rotação e"
"41345","14949B","caneta-metal-touch-22","Caneta Metal Touch — Caneta metálica touchscreen com acabamento emborrachado — Caneta metálica touchscreen com acabamento emborrachado, acionamento por clique e carga (Ref. 14949B)"
"41350","14993","bolsa-para-transporte-de-animais-pets","Bolsa para Transporte de Animais Pet`s — Mochila para transporte de pets, confeccionada em tecido"
"41351","14994","bolsa-para-transporte-de-animais-pets-2","Bolsa para Transporte de Animais Pet`s — Bolsa para transporte de pets, confeccionada em tecido"
"41360","03002B","caderneta-emborrachada-13","Caderneta Emborrachada — com suporte para caneta. Contém aproximadamente 96 folhas"
"41367","01303","abridor-de-garrafa-madeira","Abridor de Garrafa Madeira — Abridor metálico com cabo de"
"41369","01304","abridor-de-garrafa-madeira-3","Abridor de Garrafa Madeira — Abridor de garrafa com cabo de madeira e argolas em aço"
"41380","05197","guarda-chuva-manual-2","Guarda-Chuva Manual — de tecido em nylon com parte interna em vinil. Possui 8"
"41385","06077","caneta-metal-60","Caneta Metal — Caneta metálica, acionamento por rotação e carga"
"41389","06076","caneta-metal-64","Caneta Metal — Caneta metálica com acionamento por clique, carga esferográfica azul (Ref. 06076)"
"41393","15016","sacola-de-tnt-3","Sacola de Tnt — com costura termo (Cód. 41393)"
"41395","18745","sacola-de-nylon-2","Sacola de Nylon — Sacola em nylon com (Cód. 41395)"
"41399","18745B","sacola-de-nylon-5","Sacola de Nylon — Sacola em nylon com — Sacola em nylon com (Ref. 18745B)"
"41410","14604B","garrafa-termica-inox-500ml-4","Garrafa Térmica Inox 500Ml — Garrafa térmica feita em inox 304, com capacidade de 500ml"
"41413","06061","caneca-termica-350ml-4","Caneca Térmica 350Ml — Caneca térmica de inox 350ml com parede dupla. Contém tampa acrílica com bocal e trava de (Cód. 41413)"
"41423","06086","caneta-metal-touch-29","Caneta Metal Touch — Caneta metálica touchscreen com acabamento emborrachado, acionamento por clique e carga (Ref. 06086)"
"41424","06087T","caneta-metal-c-touch-2","Caneta Metal C/ Touch — Caneta metálica touchscreen com acabamento emborrachado"
"41426","06088","caneta-metal-68","Caneta Metal — Caneta metálica, acionamento por clique e carga"
"41429","15020","porta-objetos","Porta Objetos — em plástico. Possui tampa com abertura e fechamento por"
"41436","13230","caneta-plastica-touch-9","Caneta Plástica Touch — Caneta plástica com touch screen, acionamento por rotação e"
"41438","06080","kit-ferramentas-4-pecas-2","Kit Ferramentas 4 Peças — em estojo plástico com trava de segurança. Contém chave"
"41439","06079","kit-ferramentas-5-pecas","Kit Ferramentas 5 Peças — em estojo plástico com trava de segurança. Contém Uma chave"
"41446","06063","guarda-chuva-automatico-9","Guarda-Chuva Automático — Guarda-chuva feito em tecido pongee com abertura"
"41449","18758","espelho-plastico","Espelho Plástico — sem aumento, verso com película de ferro com acabamento"
"41460","05198","guarda-chuva-manual-5","Guarda-Chuva Manual — de tecido em nylon. Possui 8 varetas e estrutura em aço"
"41464","07001","mochila-de-nylon-20-litros-2","Mochila de Nylon 20 Litros — Mochila confeccionada em Nylon 20 Litros com 4"
"41465","07002","mochila-de-nylon-21l","Mochila de Nylon 21L — Mochila confeccionada em Nylon, 21 litros, com 4"
"41468","07003","mochila-nylon-22l","Mochila Nylon 22L — Mochila confeccionada em Nylon 22 litros com detalhes em couro sintético. Contém 5 (Ref. 07003)"
"41469","07004","mochila-nylon-22l-2","Mochila Nylon 22L — Mochila confeccionada em Nylon 22 litros com detalhes em couro sintético. Contém 5 (Ref. 07004)"
"41472","15024","bolsa-termica-10l-2","Bolsa Térmica 10L — Bolsa Térmica de Nylon 10 Litros com bolso frontal e alça"
"41476","11609","chaveiro-metal-8","Chaveiro Metal — Este é um chaveiro brilhante, feito em metal com formato de"
"41479","15025","chaveiro-plastico-2","Chaveiro Plástico — em formato de"
"41483","15032","tag-identificador-de-bagagem-3","Tag Identificador de Bagagem — em plástico. Acompanha cordão de"
"41484","15036","caderneta-em-couro-sintetico","Caderneta em Couro Sintético — com porta caneta, marcador de página em cetim e fita"
"41495","01347","kit-churrasco-4-pecas-6","Kit Churrasco 4 Peças — em estojo de madeira. Contém três facas e um garfo de inox"
"41497","02403","garrafa-termica-bambu-400ml","Garrafa Térmica Bambu 400Ml — Garrafa Térmica com capacidade para até 400ml. Possui"
"41498","06086B","caneta-metal-touch-30","Caneta Metal Touch — Caneta metálica com touchscreen, com detalhe emborrachado"
"41499","07008","chaveiro-metal-10","Chaveiro Metal — Um chaveiro metálico giratório feito no formato de casa com"
"41501","P$07021B","toalha-mesa-ret-3-m-x-17-m","Toalha Mesa Ret. 3 M X 1,7 M — Toalha de Mesa Retangular em tecido 100% — Toalha de Mesa Retangular em tecido 100% (Ref. P$07021B)"
"41502","P$07021C","toalha-mesa-ret-3-m-x-17-m-2","Toalha Mesa Ret. 3 M X 1,7 M — Toalha de Mesa Retangular em tecido 100% — Toalha de Mesa Retangular em tecido 100% (Ref. P$07021C)"
"41503","P$07021D","toalha-mesa-ret-3-m-x-17-m-3","Toalha Mesa Ret. 3 M X 1,7 M — Toalha de Mesa Retangular em tecido 100% — Toalha de Mesa Retangular em tecido 100% (Ref. P$07021D)"
"41504","P$07021E","toalha-mesa-ret-3-m-x-17-m-4","Toalha Mesa Ret. 3 M X 1,7 M — Toalha de Mesa Retangular em tecido 100% — Toalha de Mesa Retangular em tecido 100% (Ref. P$07021E)"
"41505","P$07021F","toalha-mesa-ret-3-m-x-17-m-5","Toalha Mesa Ret. 3 M X 1,7 M — Toalha de Mesa Retangular em tecido 100% — Toalha de Mesa Retangular em tecido 100% (Ref. P$07021F)"
"41506","P$07022C","toalha-mesa-red-18-m-x-18-m","Toalha Mesa Red. 1,8 M X 1,8 M — Toalha de Mesa Redonda em tecido 100% — Toalha de Mesa Redonda em tecido 100% (Ref. P$07022C)"
"41508","P$07022D","toalha-mesa-red-18-m-x-18-m-3","Toalha Mesa Red. 1,8 M X 1,8 M — Toalha de Mesa Redonda em tecido 100% — Toalha de Mesa Redonda em tecido 100% (Ref. P$07022D)"
"41509","P$07023A","toalha-mesa-ret-22-m-x-15-m","Toalha Mesa Ret. 2,2 M X 1,5 M — Toalha de Mesa Retangular em tecido 100% — Toalha de Mesa Retangular em tecido 100% (Ref. P$07023A)"
"41510","P$07023B","toalha-mesa-ret-22-m-x-15-m-2","Toalha Mesa Ret. 2,2 M X 1,5 M — Toalha de Mesa Retangular em tecido 100% — Toalha de Mesa Retangular em tecido 100% (Ref. P$07023B)"
"41536","15057","suporte-para-celular-3","Suporte para Celular — Suporte plástico dobrável para celular, acompanhado de uma"
"41539","02481","chaveiro-metal-bambu-2","Chaveiro Metal Bambu — Um chaveiro retangular com design minimalista e despojado"
"41540","02480","chaveiro-metal-bambu-3","Chaveiro Metal Bambu — Este é um chaveiro arredondado com estilo minimalista e"
"41546","08004","caixa-de-som-bluetooth-tws-3","Caixa de Som Bluetooth Tws — Caixa de som sem fio com estrutura em madeira e inox, além"
"41548","08002","caixa-de-som-bluetooth-tws-5","Caixa de Som Bluetooth Tws — Caixa de som sem fio em inox com base emborrachada. Possui"
"41561","05046B","guarda-chuva-automatico-11","Guarda-Chuva Automático — Guarda-chuva de poliéster de impacto impermeável com"
"41562","02423","garrafa-plastica-700ml-7","Garrafa Plástica 700Ml — Uma garrafa plástica leve e versátil, com capacidade máxima de 700ml e livre de BPA, o (Cód. 41562)"
"41564","15071","garrafa-termica-inox-500ml-7","Garrafa Térmica Inox 500Ml — Garrafa térmica de 500ml em inox, com parede dupla e cordão"
"41571","08023","caixa-de-som-multimidia-tws-3","Caixa de Som Multimídia Tws — Caixa de som multimídia com corpo em plástico e alça"
"41573","08021","caixa-de-som-multimidia-tws-5","Caixa de Som Multimídia Tws — Caixa de som multimídia com design inspirado em"
"41582","13803B","sacola-de-algodao-7","Sacola de Algodão — com alças de costura"
"41596","01008","tag-identificador-de-bagagem-4","Tag Identificador de Bagagem — de Bambu e silicone. Parte frontal com área de"
"41597","01009","tag-identificador-de-bagagem-5","Tag Identificador de Bagagem — em bambu. Parte frontal com área para identificação e verso"
"41599","07032","kit-ferramentas-12-pecas","Kit Ferramentas 12 Peças — Kit ferramenta com 12 peças em estojo plástico. Contém: 1"
"41606","15089","sacola-de-algodao-8","Sacola de Algodão — Sacola confeccionada em algodão com um par de alças"
"41611","07040","kit-ferramentas-12-pecas-3","Kit Ferramentas 12 Peças — Kit ferramenta com 12 peças em estojo metálico. Contém: 1"
"41612","07042","chaveiro-metal-11","Chaveiro Metal — Chaveiro metálico fosco formato osso. Frente e verso"
"41613","07046B","porta-objetos-2","Porta Objetos — em acrílico com tampa de"
"41615","07046","porta-objetos-4","Porta Objetos — Olá praticidade e adeus perdas! Nosso porta-objeto em"
"41629","10872","chaveiro-capacete-epi-3","Chaveiro Capacete Epi — Chaveiro capacete de segurança EPI em"
"41632","05015B","caneta-metal-touch-31","Caneta Metal Touch — Caneta metálica touchscreen com acabamento similar à — Caneta metálica touchscreen com acabamento similar à"
"41640","07082","bolsa-termica-7-litros-4","Bolsa Térmica 7 Litros — Bolsa térmica de nylon 7 litros com revestimento térmico em"
"41641","18764","bolsa-termica-10l-3","Bolsa Térmica 10L — Bolsa Térmica confeccionada em tecido sintético, com bolso"
"41643","07085","bolsa-termica-6l-2","Bolsa Térmica 6L — Bolsa térmica em tecido feltro com capacidade para 6"
"41645","07084","bolsa-termica-8l","Bolsa Térmica 8L — Bolsa térmica de nylon com capacidade de 8 Litros. Contém"
"41685","08016","kit-churrasco-5-pecas-4","Kit Churrasco 5 Peças — O kit perfeito para os verdadeiros amantes de churrasco!"
"41686","08017","sacola-tnt-laminado","Sacola Tnt Laminado — Sacola confeccionada em TNT 116g/m² com revestimento"
"41687","08018","sacola-tnt-laminado-2","Sacola Tnt Laminado — Sacola confeccionada em TNT com revestimento laminado com filme fosco de BOPP resistente (Cód. 41687)"
"41690","15120","necessaire-de-couro-sintetico-15","Nécessaire de Couro Sintético — com alça para"
"41691","15121","necessaire-nylon-10","Nécessaire Nylon — Nécessaire de nylon com alça pequena para acesso de"
"41694","18817","caneca-termica-12l-5","Caneca Térmica 1,2L — Caneca térmica com capacidade de 1,2 litros em inox 304 com"
"41696","18823","chaveiro-metalico","Chaveiro Metálico — Com acabamento espelhado em ambos os lados, este chaveiro metálico exibe um visual (Ref. 18823)"
"41697","18824","chaveiro-metalico-2","Chaveiro Metálico — Chaveiro com acabamento espelhado em ambos os lados, este"
"41699","18825","chaveiro-metalico-4","Chaveiro Metálico — Com acabamento espelhado em ambos os lados, este chaveiro metálico exibe um visual (Ref. 18825)"
"41701","08024","fone-de-ouvido-bluetooth-touch-com-case-carregador-4","Fone de Ouvido Bluetooth Touch com Case Carregador — Fone de ouvido Bluetooth TWS com comando touch e case"
"41709","08030","caixa-organizadora-de-cosmeticos","Caixa Organizadora de Cosméticos — Caixa organizadora em plástico resistente para itens de"
"41710","08031","caixa-organizadora-de-cosmeticos-2","Caixa Organizadora de Cosméticos — A caixa organizadora para maquiagens e cosméticos é prática"
"41715","15123","mini-massageador-corporal","Mini Massageador Corporal — Feito para aliviar tensões musculares, nosso massageador é"
"41721","15124P","caderneta-couro-sintetico-2","Caderneta Couro Sintético — Feita para manter todas as ideias em um só lugar, esta"
"41728","08042","bolsa-termica-17l","Bolsa Térmica 17L — Que tal uma bolsa térmica eficiente para passeios"
"41729","08043","caneta-metal-touch-33","Caneta Metal Touch — Caneta metálica com touch screen, carga esferográfica azul — Caneta metálica com touch screen, carga esferográfica azul e acionamento por"
"41731","08044","caneta-metal-69","Caneta Metal — Caneta metálica com cabamento similar à borracha, clipe e"
"41734","01088","suporte-para-celular-4","Suporte para Celular — Suporte plástico para"
"41735","P$01113","porta-relogios-com-6-divisorias-4","Porta-Relógios com 6 Divisórias — Porta-relógios feito em MDF de acabamento laqueado e"
"41737","07808","porta-relogios-10","Porta-Relógios — com acabamento em couro sintético à base de PVC. Possui"
"41739","07812","porta-relogios-12","Porta-Relógios — com acabamento em couro sintético à base de PVC e revestimento interno em (Ref. 07812)"
"41741","07813","porta-relogios-14","Porta-Relógios — com acabamento em couro sintético à base de PVC e revestimento interno em (Ref. 07813)"
"41745","07832","porta-relogios-com-12-divisorias","Porta-Relógios com 12 Divisórias — Porta-relógios com estrutura em MDF e revestimento"
"41749","07836","porta-relogios-com-6-divisorias-6","Porta-Relógios com 6 Divisórias — Porta-relógios com acabamento em couro sintético à base de"
"41753","07838","porta-relogios-com-12-divisorias-5","Porta-Relógios com 12 Divisórias — Porta-relógios com acabamento em couro sintético à base de"
"41763","18843","sacola-de-juta","Sacola de Juta — Sacola ecológica confeccionada em juta com alças costuradas na parte (Cód. 41763)"
"41769","04845","bolsa-termica-17l-2","Bolsa Térmica 17L — Bolsa térmica de 17 litros confeccionada em feltro, com"
"41778","08052","sacola-plastica-4","Sacola Plástica — Confeccionada em polipropileno, esta sacola combina a resistência com leveza, oferecendo (Cód. 41778)"
"41781","08053","sacola-plastica-7","Sacola Plástica — Confeccionada em polipropileno, esta sacola combina a resistência com leveza, oferecendo (Cód. 41781)"
"41787","08054","sacola-plastica-10","Sacola Plástica — Confeccionada em polipropileno, esta sacola combina a resistência com leveza, oferecendo (Cód. 41787)"
"41799","08056","caneca-termica-12l-7","Caneca Térmica 1,2L — Caneca térmica com capacidade de 1,2 litros feita em inox 304 com parede dupla, contém (Cód. 41799)"
"41803","08059","mini-massageador-corporal-3","Mini Massageador Corporal — O massageador que alivia tensões musculares de forma"
"41810","18846","garrafa-termica-850ml-4","Garrafa Térmica 850Ml — Agora ficou fácil aproveitar bebidas na temperatura ideal"
"41811","18841","sacola-de-juta-4","Sacola de Juta — Sacola ecológica confeccionada em juta com alças costuradas na parte (Cód. 41811)"
"41822","08067","sacola-de-juta-5","Sacola de Juta — Versátil e resistente, nossa sacola de juta é a escolha ideal para adicionar toque de"
"41862","18844","sacola-de-lona-6","Sacola de Lona — Resistência e design minimalista. Nossa sacola de lona é a escolha ideal para quem busca (Cód. 41862)"
"41866","18859","kit-talheres-3-pecas","Kit Talheres 3 Peças — Praticidade, leveza e sustentabilidade para as refeições"
"41869","P$X166","porta-joias-49","Porta-Joias — em couro sintético texturizado com fechamento por botão"
"41876","18826","chaveiro-porta-foto-inox","Chaveiro Porta-Foto Inox — Chaveiro porta-foto em inox com formato retangular. Possui"
"41879","10554","massageador-portatil","Massageador Portátil — Toda hora, é hora de massagem! O nosso Massageador"
"41883","08083","bolsa-termica-5l-2","Bolsa Térmica 5L — Compacta e de fácil transporte. Feita em feltro, capacidade"
"41885","06032","sacola-de-poliester-4","Sacola de Poliester — Carregar itens do dia a dia ficou ainda mais fácil! Nossa"
"41887","08146A","copo-termico-800ml","Copo Térmico 800Ml — Copo térmico inox com a capacidade máxima de 800ml"
"41897","08097","kit-churrasco-5-pecas-5","Kit Churrasco 5 Peças — Churrascos irresistíveis começam com os utensílios certos!"
"41900","08139","kit-churrasco-2-pecas","Kit Churrasco 2 Peças — Aproveite seus momentos de churrasco com o Kit Churrasco 2"
"41905","P$18847","porta-joias-52","Porta-Joias — em couro sintético com fechamento em zíper e revestimento"
"41908","18827","chaveiro-porta-foto-inox-4","Chaveiro Porta-Foto Inox — Chaveiro porta-foto em inox com formato circular. Possui"
"41919","08161","caneta-metal-71","Caneta Metal — Elegância para os dias repletos de anotações! Nossa Caneta"
"41923","08159","caneta-de-metal-3","Caneta de Metal — Precisão e elegância sempre ao seu alcance! A Caneta"
"41925","08160","caneta-metal-75","Caneta Metal — Indispensável para as anotações do dia a dia, nossa Caneta"
"41929","15007B","caneta-metal-79","Caneta Metal — Caneta metálica com carga esferográfica azul e acionamento — Caneta metálica com carga esferográfica azul e acionamento por clique em"
"41933","15011B","caneta-metal-touch-35","Caneta Metal Touch — Perfeita para promover ações sustentáveis, nossa Caneta"
"41940","15141","sacola-de-algodao-10","Sacola de Algodão — com alças costuradas na parte (Cód. 41940)"
"41965","18874","kit-pincel-5-pecas","Kit Pincel 5 Peças — Tudo o que você precisa para uma maquiagem perfeita! Com"
"41968","18875","kit-pincel-5-pecas-4","Kit Pincel 5 Peças — Com cinco pincéis cuidadosamente selecionados, este kit"
"41973","18876","kit-pincel-8-pecas","Kit Pincel 8 Peças — Mantenha seus pincéis organizados e protegidos durante o"
"41979","18867","bolsa-termica-5l-3","Bolsa Térmica 5L — Leve lanches, petiscos ou refeições para passeios, ou"
"41981","P$0148","porta-joias-55","Porta-Joias — Maleta porta-joias em couro sintético com textura crocodilo, fechamento por cadeado com"
"41984","18877","kit-pincel-8-pecas-7","Kit Pincel 8 Peças — O nosso kit de pincéis para sombra é a combinação perfeita"
"41987","18845","sacola-de-lona-8","Sacola de Lona — Resistência e design minimalista. Nossa sacola de lona é a escolha ideal para quem busca (Ref. 18845)"
"41992","18860","kit-talheres-3-pecas-2","Kit Talheres 3 Peças — Nosso kit de talheres de três peças é perfeito para"
"41993","18868","bolsa-termica-8l-2","Bolsa Térmica 8L — Mantenha os alimentos frescos e prontos para o consumo com"
"41999","15146","bloco-de-anotacoes-ecologico-2","Bloco de Anotações Ecológico — Organize suas ideias de maneira sustentável com o Bloco de"
"42003","15147","bloco-de-anotacoes-ecologico-6","Bloco de Anotações Ecológico — em MDF com porta caneta e detalhes em couro sintético"
"42009","14699B","kit-churrasco-5-pecas-6","Kit Churrasco 5 Peças — Facas para os mais diversos tipos de cortes. Composto por 5"
"42015","12462B","kit-churrasco-4-pecas-7","Kit Churrasco 4 Peças — em estojo de nylon com alça. Possui: pegador, garfo, faca e"
"42029","14697B","kit-churrasco-5-pecas-9","Kit Churrasco 5 Peças — Kit para preparar os churrascos mais deliciosos, composto"
"42041","08120","fone-de-ouvido-bluetooth-touch-com-case-carregador-5","Fone de Ouvido Bluetooth Touch com Case Carregador — Buscando liberdade e praticidade para o seu dia a dia?"
"42058","08124","massageador-portatil-4","Massageador Portátil — Alívio, relaxamento, massagem e modelador em um só produto!"
"42068","04097B","garrafa-termica-550ml-4","Garrafa Térmica 550Ml — Garrafa térmica de parede dupla em inox, capacidade de 550ml. Tampa com alça de (Cód. 42068)"
"42071","02795","leque-de-papel-2","Leque de Papel — Sinta a leveza e a eficiência deste leque de papel, perfeito para trazer uma brisa fresca"
"42080","12514SN","caderneta-emborrachada-s-pauta","Caderneta Emborrachada S/ Pauta — Caderneta emborrachada com elástico para lacre, marcador de"
"42083","08132","caneta-metal-touch-37","Caneta Metal Touch — Conforto e fluidez ao seu alcance! Nossa caneta metálica"
"42085","18880","porta-passaporte-em-couro-sintetico","Porta Passaporte em Couro Sintético — Organizar documentos para viagens nunca foi tão fácil com o"
"42088","18881","porta-passaporte-em-couro-sintetico-4","Porta Passaporte em Couro Sintético — Garanta a segurança dos seus documentos enquanto viaja! O"
"42091","1087L","caneta-plastica-59","Caneta Plástica — com tampa e carga esferográfica azul"
"42094","08134","caneta-metal-touch-antiestresse","Caneta Metal Touch Antiestresse — Agora temos mais um aliado para combater o estresse!"
"42095","08135","caneta-metal-touch-antiestresse-2","Caneta Metal Touch Antiestresse — Um novo aliado contra o estresse do dia a dia. Com design"
"42096","08136","caneta-metal-83","Caneta Metal — Elegante e confortável, esta caneta metálica traz um toque"
"42099","18878","kit-pincel-5-pecas-9","Kit Pincel 5 Peças — Tenha uma maquiagem perfeita com este kit essencial de"
"42107","09053","squeeze-plastico-750ml-2","Squeeze Plástico 750Ml — Nossa squeeze combina a leveza e a resistência do plástico"
"42112","15156","caderneta-couro-sintetico-5","Caderneta Couro Sintético — Dê vida às anotações com nossa Caderneta! Com"
"42114","08142","porta-joias-com-espelho-5","Porta-Joias com Espelho — Organize anéis, brincos, colares, outros acessórios e o que"
"42117","06016B","leque-de-papel-5","Leque de Papel — Leve, compacto e indispensável nos dias quentes, este leque"
"42123","06085B","chaveiro-capacete-epi-6","Chaveiro Capacete Epi — Para quem é fã de segurança no trabalho, este é o chaveiro"
"42127","15162","caderno-de-disco-percalux","Caderno de Disco Percalux — Feito para quem valoriza praticidade e organização, este"
"42131","08151","mouse-pad-3","Mouse Pad — de poliéster com base emborrachada antiderrapante"
"42133","08152","caneta-metal-84","Caneta Metal — Elegante e funcional, esta caneta metálica é a combinação"
"42139","08242","mala-de-viagem-37l","Mala de Viagem 37L — Pensada para tornar as viagens mais práticas e"
"42143","08268","caneta-de-metal-5-2","Caneta de Metal — Para anotar cada detalhe com elegância, conheça a união da"
"42145","08267","caneta-metal-86-2","Caneta Metal — Essa caneta metálica é perfeita para tornar as anotações do dia a dia mais eficientes (Ref. 08267)"
"42161","04387","sacola-plastica-11","Sacola Plástica — Nossa sacola de PVC é resistente à água e foi projetada"
"42162","08171","mala-de-viagem-37l-3","Mala de Viagem 37L — Se a viagem pede espaço e versatilidade, essa mala de"
"42166","08173B","mochila-couro-sintetico-18-litros-3","Mochila Couro Sintético 18 Litros — Mochila confeccionada em couro sintético impermeável com"
"42171","18895","kit-churrasco-6-pecas","Kit Churrasco 6 Peças — Se você é apaixonado por churrasco e gosta de preparar"
"42173","18879","kit-pincel-5-pecas-11","Kit Pincel 5 Peças — Tenha uma maquiagem incrível com este mini kit de pincéis"
"42186","08186","caneta-metal-87","Caneta Metal — Caneta metálica com ponta e clip em plástico. Possui"
"42187","18967A","bolsa-termica-6l-4","Bolsa Térmica 6L — Bolsa térmica feita em poliéster resistente à água e"
"42206","08199","kit-churrasco-4-pecas-13","Kit Churrasco 4 Peças — Prepare churrascos memoráveis e deliciosos com o nosso kit "
"42209","15196C","caneta-plastica-60","Caneta Plástica — Feita para acompanhar ideias, a nossa caneta plástica combina precisão e conforto. Com"
"42210","18041","porta-cartao-em-cortica","Porta-Cartão em Cortiça — Cartões sempre seguros e organizados. Feito de cortiça"
"42213","08401","kit-ferramentas-4-pecas-3","Kit Ferramentas 4 Peças — Kit de ferramentas pensado para facilitar o seu dia a dia"
"42214","08402","kit-ferramentas-4-pecas-4","Kit Ferramentas 4 Peças — Este kit de ferramentas foi desenvolvido para tornar o seu"
"42218","15196T","caneta-plastica-61","Caneta Plástica — com carga esferográfica azul 1.0mm, acionamento por"
"42253","18902","chaveiro-madeira-2","Chaveiro Madeira — Feito em madeira com um delicado detalhe em couro sintético, este chaveiro é a escolha (Ref. 18902)"
"42255","08235","chaveiro-madeira-4","Chaveiro Madeira — Feito em madeira com um delicado detalhe em couro sintético, este chaveiro é a escolha (Ref. 08235)"
"42256","08236","chaveiro-madeira-5","Chaveiro Madeira — Feito em madeira com um delicado detalhe em couro sintético, este chaveiro é a escolha (Ref. 08236)"
"42259","18926","porta-joias-com-espelho-6","Porta-Joias com Espelho — Suas joias merecem um lugar especial, e com este"
"42260","18911","porta-joias-com-espelho-7","Porta-Joias com Espelho — Nosso Porta-jóias organiza seus acessórios de forma prática"
"42276","08247","porta-cartao-em-cortica-4","Porta-Cartão em Cortiça — Nosso porta-cartão apresenta um design compacto e"
"42278","08248","porta-cartao-em-cortica-6","Porta-Cartão em Cortiça — Nosso porta-cartão no formato vertical apresenta um design"
"42280","08254","kit-executivo-2-pecas-4","Kit Executivo 2 Peças — Exale sofisticação e profissionalismo com o nosso kit"
"42282","08255","kit-executivo-2-pecas-5","Kit Executivo 2 Peças — Anote tudo e organize os cartões com o nosso Kit"
"42285","08261","frasqueira-plastica-10l","Frasqueira Plástica 10L — Frasqueira de plástico rígido, projetada para oferecer"
"42287","08263","mala-de-viagem-67l","Mala de Viagem 67L — Mala de viagem em plástico resistente com capacidade de até 67 litros. Possui espaço (Cód. 42287)"
"42289","08161T","caneta-metal-touch-39","Caneta Metal Touch — Caneta metálica com acionador touch, clipe metálico e"
"42290","06384B","caneta-de-metal-6","Caneta de Metal — Caneta metálica com acabamento fosco, clipe metálico e"
"42292","01321","mochila-oxford-18l","Mochila Oxford 18L — Mochila em tecido Oxford impermeável com detalhes em couro"
"42295","18919","escova-com-espelho-3","Escova com Espelho — Funcional, a escova com espelho é ideal para quem busca praticidade no dia a dia"
"42304","08281","porta-comprimidos-plastico-3","Porta Comprimidos Plástico — Um porta comprimidos multifuncional sob medida para as"
"42305","08284","porta-comprimidos-plastico-4","Porta Comprimidos Plástico — Um porta comprimidos na medida certa para dar mais"
"42307","08286","porta-comprimidos-plastico-5","Porta-Comprimidos Plástico — Um porta-comprimido feito em plástico, com design compacto"
"42313","08297","mochila-couro-sintetico-18-litros-4","Mochila Couro Sintético 18 Litros — Mochila confeccionada em couro sintético com capacidade"
"42315","06017B","porta-joias-58","Porta-Joias — de formato redondo em couro sintético e fechamento em"
"42322","10338B","cabo-usb-retratil-3-em-1-4","Cabo Usb Retrátil 3 em 1 — Cabo USB retrátil com as entradas Lightning/iPhone"
"42323","06061B","caneca-termica-350ml-8","Caneca Térmica 350Ml — Caneca térmica de inox 350ml com parede dupla. Contém tampa acrílica com bocal e trava de (Cód. 42323)"
"42324","08321A","esteira-de-palha-natural","Esteira de Palha Natural — Esteira leve em palha natural com bordas costuradas em"
"42325","08321B","esteira-de-palha-natural-2","Esteira de Palha Natural — Esteira dobrável em palha natural com bordas costuradas em"
"42326","08321","esteira-de-palha-natural-3","Esteira de Palha Natural — Esteira leve feita em palha natural com bordas costuradas"
"42327","06086C","caneta-metal-touch-40","Caneta Metal Touch — Caneta metálica com detalhes em plástico. Possui"
"42329","08322","kit-ferramentas-3-pecas","Kit Ferramentas 3 Peças — Kit ferramentas com três chaves de cabo plástico, haste e"
"42331","08324","kit-ferramentas-3-pecas-2","Kit Ferramentas 3 Peças — Kit de ferramentas com três chaves de cabo feito em"
"42344","15236","xicara-de-vidro-80ml","Xícara de Vidro 80Ml — Xícara em vidro com capacidade para até 80ml e estrutura de"
"42348","08334","bolsa-termica-25l-2","Bolsa Térmica 25L — Bolsa térmica confeccionada em Oxford resistente à água"
"42350","15239","porta-comprimidos-plastico-6","Porta-Comprimidos Plástico — Um porta-comprimidos compacto feito em plástico. Possui"
"42351","15240","copo-plastico-450ml","Copo Plástico 450Ml — Copo em plástico polipropileno (PP) com capacidade máxima"
"42354","15242","copo-plastico-450ml-2","Copo Plástico 450Ml — Copo feito em plástico PS cristal transparente com"
"42359","15245","copo-fibra-de-arroz-350ml-2","Copo Fibra de Arroz 350Ml — Copo em fibra de arroz com capacidade máxima para até"
"42363","18938","bloco-de-anotacoes-com-autoadesivos-e-caneta","Bloco de Anotações com Autoadesivos e Caneta — Um bloco de anotações com capa revestida em papel especial"
"42364","18949M","garrafa-termica-550ml-7","Garrafa Térmica 550Ml — Esta garrafa térmica em inox com capacidade de 550ml"
"42367","09009","bolsa-fio-de-papel-torcido","Bolsa Fio de Papel Torcido — Bolsa em fios de papel torcido costurados com linha de"
"42368","09010","bolsa-fio-de-papel-torcido-2","Bolsa Fio de Papel Torcido — Bolsa feita em fios de papel torcido costurados com linha"
"42388","18967","bolsa-termica-5l-5","Bolsa Térmica 5L — Bolsa térmica o confeccionada em poliéster impermeável e"
"42398","08332-72","kit-canetinhas-ponta-dupla-72-cores","Kit Canetinhas Ponta Dupla 72 Cores — Kit com 72 coloridas de pontas duplas: uma fina e outra em"
"42403","08332B-72","kit-canetinhas-ponta-dupla-72-cores-2","Kit Canetinhas Ponta Dupla 72 Cores — Kit com 72 canetinhas coloridas de pontas duplas: uma fina"
"42404","09068","fone-de-ouvido-bluetooth-com-case-carregador-8","Fone de Ouvido Bluetooth com Case Carregador — Fones de ouvido sem fio com estrutura em plástico. Possuem"
"42414","18964","bolsa-termica-6l-5","Bolsa Térmica 6L — Bolsa térmica com capacidade de 6 litros. Feita em Oxford"
"42415","18966","bolsa-termica-11l","Bolsa Térmica 11L — Bolsa térmica confeccionada em Oxford impermeável, com"
"42416","07806","porta-relogios-16","Porta-Relógios — com acabamento em couro sintético à base de PVC. Com"
"42417","18953","bolsa-termica-5l-6","Bolsa Térmica 5L — Bolsa térmica leve confeccionada em Oxford impermeável e"
"42421","18956","bolsa-termica-7-litros-5","Bolsa Térmica 7 Litros — Bolsa térmica em Oxford resistente à água, com capacidade"
"42422","18989","porta-retrato-pvc-2","Porta-Retrato Pvc — Porta-retrato para fotos 10 x 15, ideal para mesas e"
"42424","18991","porta-retrato-pvc-3","Porta-Retrato Pvc — Porta-retratos para fotos 10 x 15, pode ser usado na"
"42426","08336","chaveiro-metal-com-mosquetao","Chaveiro Metal com Mosquetão — Chaveiro em metal com tira em couro sintético. Possui"
"42428","08338","guarda-chuva-7","Guarda-Chuva — em poliéster com abertura automática, estrutura metálica"
"42429","08339A","leque-de-plastico","Leque de Plástico — Leque com estrutura resistente em plástico e tecido"
"42430","08339B","leque-de-plastico-2","Leque de Plástico — Leque com estrutura em plástico e"
"42431","15267","garrafa-plastica-700ml-8","Garrafa Plástica 700Ml — Garrafa plástica em formato cilíndrico com capacidade para"
"42434","P$BRINQ22","carro-miniatura","Carro Miniatura — Carro esportivo em miniatura com estrutura em metal e — Carro esportivo em miniatura com estrutura em metal e plástico. Possui portas e tampa do"
"42436","P$BRINQ24","carro-miniatura-2","Carro Miniatura — Carro esportivo em miniatura com estrutura em metal e — Carro esportivo em miniatura com estrutura em metal e plástico. Possui rodas traseiras"
"42438","P$BRINQ26","carro-miniatura-3","Carro Miniatura — Carro em miniatura com design clássico. Apresenta estrutura"
"42444","08340","copo-termico-600ml-3","Copo Térmico 600Ml — Copo térmico em inox com pintura eletrostática e capacidade"
"42446","P$BRINQ54","carro-miniatura-4","Carro Miniatura — Carro estilo cupê em miniatura em metal e plástico, além de"
"42447","P$BRINQ55","carro-miniatura-5","Carro Miniatura — Carro em miniatura com design inspirado em um modelo"
"42453","09119","caneta-metal-touch-42","Caneta Metal Touch — Caneta em metal com detalhes emborrachados, carga"
"42456","P$10992-2","caderno-para-colorir-desenho-animado","Caderno para Colorir Desenho Animado — Caderno de colorir de capa dura com laminação holográfica e — Caderno de colorir de capa dura com laminação holográfica e encadernação Wire-O. Possui (Ref. P$10992-2)"
"42461","P$10992-4","caderno-para-colorir-desenho-animado-4","Caderno para Colorir Desenho Animado — Caderno de colorir de capa dura com laminação holográfica e — Caderno de colorir de capa dura com laminação holográfica e encadernação Wire-O. Conta"
"42462","P$10992-5","caderno-para-colorir-desenho-animado-5","Caderno para Colorir Desenho Animado — Caderno de colorir de capa dura com laminação holográfica e — Caderno de colorir de capa dura com laminação holográfica e encadernação Wire-O. Possui (Ref. P$10992-5)"
"42465","P$10992-6","caderno-para-colorir-capivara","Caderno para Colorir Capivara — Caderno de colorir de capa dura com laminação holográfica e — Caderno de colorir de capa dura com laminação holográfica e encadernação Wire-O. Possui (Ref. P$10992-6)"
"42467","P$10992-7","caderno-para-colorir-capivara-3","Caderno para Colorir Capivara — Caderno de colorir de capa dura com laminação holográfica e — Caderno de colorir de capa dura com laminação holográfica e encadernação Wire-O. Possui (Ref. P$10992-7)"
"42469","P$10992-1","caderno-para-colorir-desenho-animado-8","Caderno para Colorir Desenho Animado — Caderno de colorir capa dura com laminada e encadernação"
"42471","P$10992-8","caderno-para-colorir-desenho-animado-10","Caderno para Colorir Desenho Animado — Caderno de colorir de capa dura com laminação holográfica e — Caderno de colorir de capa dura com laminação holográfica e encadernação Wire-O. Possui (Ref. P$10992-8)"
"42473","03009S","caderneta-emborrachada-s-pauta-4","Caderneta Emborrachada S/ Pauta — Caderneta com capa emborrachada, marca-páginas em fita de"
"42477","18954","bolsa-termica-12l","Bolsa Térmica 12L — Bolsa térmica confeccionada em Oxford resistente à água"
"42481","18951","bolsa-termica-8l-6","Bolsa Térmica 8L — Bolsa térmica em sarja impermeável, com fechamento em zíper"
"42489","18963","bolsa-termica-11l-2","Bolsa Térmica 11L — Bolsa térmica confeccionada em Oxford resistente à água"
"42494","08347","bolsa-termica-6l-6","Bolsa Térmica 6L — Bolsa térmica em poliéster impermeável com fechamento em"
"42506","09023","fone-de-ouvido-bluetooth-com-case-carregador-9","Fone de Ouvido Bluetooth com Case Carregador — Fones de ouvido intra-auriculares sem fio, com estrutura"
"42513","09030","kit-vinho-5-pecas-3","Kit Vinho 5 Peças — Kit vinho com cinco peças dispostas em um estojo no formato"
"42517","P$BRINQ70","carro-miniatura-7","Carro Miniatura — Carro em miniatura com design esportivo e estrutura em"
"42520","P$BRINQ71","carro-miniatura-10","Carro Miniatura — Carro em miniatura com design clássico feito em metal e"
"42523","P$BRINQ72","caminhao-miniatura","Caminhão Miniatura — Caminhão em miniatura com estrutura feita em metal e"
"42537","08159A","caneta-metal-88","Caneta Metal — Caneta metálica com detalhes em plástico, acionamento por"
"42549","19003","garrafa-termica-600ml-9-2","Garrafa Térmica 600Ml — Garrafa térmica em inox com capacidade de até 600ml"
"42555","P$BRINQ85","carro-miniatura-12","Carro Miniatura — Carro em miniatura inspirado em um modelo clássico. Com"
"42557","P$BRINQ86","carro-miniatura-14","Carro Miniatura — com estrutura feita em metal e plástico. Com design"
"42562","P$BRINQ87","carro-miniatura-16","Carro Miniatura — Carro esportivo em miniatura com decoração policial e"
"42575","19002","garrafa-termica-400ml-4","Garrafa Térmica 400Ml — Garrafa térmica em inox com capacidade para até 400ml"
"42577","19012","garrafa-termica-700ml-6","Garrafa Térmica 700Ml — Garrafa térmica em inox com pintura eletrostática e"
"42580","19014","garrafa-termica-800ml-9","Garrafa Térmica 800Ml — Garrafa térmica em inox com pintura eletrostática e — Garrafa térmica em inox com pintura eletrostática e capacidade de até 800ml. Apresenta"
"42581","15276","necessaire-nylon-11","Nécessaire Nylon — Nécessaire confeccionada em nylon resistente à água"
"42585","15280","suporte-para-celular-5","Suporte para Celular — compacto feito em plástico. Ideal para superfícies planas"
"42598","09117","porta-joias-com-espelho-8","Porta-Joias com Espelho — Porta-joias em poliuretano (PU) e revestimento interno em"
"42601","09116","porta-relogios-17","Porta-Relógios — com acabamento texturizado em couro sintético à base de PVC e revestimento (Cód. 42601)"
"42602","09115","porta-relogios-18","Porta-Relógios — com acabamento texturizado em couro sintético à base de PVC e revestimento (Cód. 42602)"
"42606","09054","protetor-solar-de-para-brisa","Protetor Solar de para-Brisa — Protetor solar dobrável para para-brisa, confeccionado em"
"42609","09055","protetor-solar-de-para-brisa-4","Protetor Solar de para-Brisa — Protetor de para-brisa dobrável feito em alumínio reflexivo"
"42618","09061","bolsa-termica-8l-8","Bolsa Térmica 8L — Bolsa térmica confeccionada em poliéster, com fechamento em"
"42623","09064","estojo-couro-sintetico","Estojo Couro Sintético — Estojo confeccionado em couro sintético com fechamento em"
"42624","09065","caderno-kraft","Caderno Kraft — Caderno com capa em kraft com encadernação em espiral de"
"42625","09066","caderno-kraft-2","Caderno Kraft — Caderno com capa em kraft e encadernação em espiral feita"
"42628","15286","necessaire-nylon-13","Nécessaire Nylon — Nécessaire confeccionado em nylon resistente à água e"
"42639","P$BRINQ119","carro-miniatura-17","Carro Miniatura — com estilo clássico de corrida e feito em metal e plástico"
"42645","09073","copo-termico-350ml-4","Copo Térmico 350Ml — Copo térmico têm o revestimento interno em aço 304 e o"
"42656","18976","garrafa-termica-600ml-11","Garrafa Térmica 600Ml — Garrafa térmica feita em inox com estrutura em parede"
"42662","19004","garrafa-termica-800ml-10","Garrafa Térmica 800Ml — Garrafa térmica em inox com capacidade de até 800ml. Conta"
"42665","15290","caderno-de-disco","Caderno de Disco — Caderno de capa dura, fechamento em elástico e encadernação"
"42668","09079","kit-vinho-6-pecas-2","Kit Vinho 6 Peças — Kit vinho com seis peças, incluindo saca-rolhas"
"42670","09080","kit-vinho-5-pecas-6","Kit Vinho 5 Peças — Kit vinho com cinco peças, incluindo: saca-rolhas em"
"42675","15293","necessaire-juta","Nécessaire Juta — Nécessaire confeccionado em juta com abertura em zíper"
"42676","15294","necessaire-juta-2","Nécessaire Juta — Nécessaire confeccionado em juta, fechamento em zíper"
"42677","15295","necessaire-juta-3","Nécessaire Juta — Nécessaire compacto feito em juta, alça de mão lateral em"
"42678","15296","necessaire-juta-4","Nécessaire Juta — Nécessaire confeccionado em juta com fechamento em zíper e"
"42680","15298","necessaire-nylon-15","Nécessaire Nylon — Nécessaire confeccionado em nylon impermeável, fechamento"
"42681","15299","necessaire-poliester-pvc-mescla","Nécessaire Poliéster Pvc Mescla — Nécessaire compacto confeccionada em Poliéster PVC mescla"
"42683","15301","mochila-poliester-18-litros-3","Mochila Poliéster 18 Litros — Mochila em poliéster impermeável, com fechamento em zíper e"
"42687","15303","necessaire-juta-5","Nécessaire Juta — Nécessaire confeccionada em juta resistente à água"
"42688","09146","mini-ventilador-recarregavel-3","Mini Ventilador Recarregável — em plástico e metal. Possui controle de velocidade ajustado"
"42694","09086","kit-churrasco-6-pecas-3","Kit Churrasco 6 Peças — Kit churrasco formato por seis itens. O conjunto apresenta"
"42699","15306","mochila-poliester-18-litros-4","Mochila Poliéster 18 Litros — Mochila confeccionada em Poliéster PVC Mescla resistente à"
"42701","15307","necessaire-poliester-pvc-mescla-3","Nécessaire Poliéster Pvc Mescla — Nécessaire resistente à água e confeccionado em poliéster"
"42709","19011","garrafa-termica-500ml-14","Garrafa Térmica 500Ml — Garrafa térmica feita em inox com fundo em cortiça, tampa"
"42711","19005","garrafa-termica-400ml-6","Garrafa Térmica 400Ml — Garrafa térmica em inox com capacidade máxima para 400ml"
"42714","19019","necessaire-couro-sintetico","Nécessaire Couro Sintético — Nécessaire confeccionado em couro sintético impermeável"
"42715","19022","necessaire-couro-sintetico-2","Nécessaire Couro Sintético — Nécessaire em couro sintético impermeável com fechamento em — Nécessaire em couro sintético impermeável com fechamento em zíper. Possui bolso frontal"
"42720","09105","garrafa-termica-850ml-5","Garrafa Térmica 850Ml — Garrafa térmica em inox com capacidade para até 850ml"
"42721","09106","garrafa-de-vidro-550ml-2","Garrafa de Vidro 550Ml — Garrafa de vidro com acabamento fosco, tampa rosqueável em"
"42724","09107","garrafa-de-vidro-550ml-4","Garrafa de Vidro 550Ml — Garrafa de vidro com tampa rolha em material sintético e"
"42725","09108","kit-churrasco-4-pecas-16","Kit Churrasco 4 Peças — Kit churrasco formado por quatro itens em inox: uma faca de"
"42727","08263A","mala-de-viagem-67l-2","Mala de Viagem 67L — Mala de viagem em plástico resistente com capacidade de até 67 litros. Possui espaço (Cód. 42727)"
"42733","15310","risque-rabisque","Risque-Rabisque — com base em papelão e revestimento em PVC. Acompanha bloco"
"42736","08161TB","caneta-de-metal-touch","Caneta de Metal Touch — Caneta metálica com carga esferográfica azul de 1,0mm e"
"42742","08161C","caneta-metal-91","Caneta Metal — Caneta metálica com acionamento por clique e carga — Caneta metálica com acionamento por clique e carga esferográfica azul de 1,0mm"
"42744","08161TC","caneta-de-metal-touch-4","Caneta de Metal Touch — Caneta metálica com carga esferográfica de 1,0mm e"
"42747","08160A","caneta-metal-93","Caneta Metal — Caneta feita inteiramente em metal com acionamento por"
"42749","15312","planner-semanal","Planner Semanal — com cerca de 55 folhas destacáveis para anotações e"
"42757","05020A","caneta-metal-touch-45","Caneta Metal Touch — Caneta metálica com detalhes texturizados próximos à ponta"
"42761","15316","pasta-zip-zap","Pasta Zip Zap — Pasta feita em plástico transparente com fechamento zip zap"
"42767","09110","caneta-plastica-64","Caneta Plástica — com clip e ponteira em metal. Possui acionamento por clique"
"42771","15320","necessaire-poliester-pvc-mescla-5","Nécessaire Poliéster Pvc Mescla — Nécessaire em Poliéster mesclado com PVC resistente à água"
"42773","09111","caneta-metal-95","Caneta Metal — Caneta metálica com ponteira, clip e acionamento em"
"42776","09118","caneta-metal-touch-46","Caneta Metal Touch — Caneta metálica com detalhe emborrachado no topo, ideal — Caneta metálica com detalhe emborrachado no topo, ideal para uso em dispositivos com"
"42777","15321","copo-fibra-de-madeira-450ml","Copo Fibra de Madeira 450Ml — Copo feito em fibra de madeira com capacidade máxima de"
"42784","19006","garrafa-termica-600ml-14","Garrafa Térmica 600Ml — Garrafa térmica em aço inox 304 e capacidade para até"
"42785","19035","sacola-de-lona-13","Sacola de Lona — Sacola em lona resistente a respingos dágua. Possui duas"
"42786","19036","sacola-de-lona-14","Sacola de Lona — Sacola confeccionada em lona resistente a respingos dágua"
"42787","19037","sacola-de-lona-15","Sacola de Lona — Sacola confeccionada em lona resistente a respingos d'água"
"42788","19031","garrafa-termica-800ml-13","Garrafa Térmica 800Ml — Garrafa térmica em inox 304 com capacidade para até 800ml"
"42791","19013","kit-executivo-2-pecas-6","Kit Executivo 2 Peças — Kit executivo com duas peças, composto por uma caderneta de"
"42792","19025","calendario-permanente-madeira","Calendário Permanente Madeira — Calendário permanente de mesa com estrutura em madeira"
"42796","09123","caneta-metal-96","Caneta Metal — Caneta metálica com detalhe emborrachado próximo à ponta"
"42800","15322","copo-fibra-de-arroz-350ml-3","Copo Fibra de Arroz 350Ml — Copo feito em fibra de arroz com capacidade de até 350ml"
"42802","15324","necessaire-de-couro-sintetico-16","Nécessaire de Couro Sintético — Nécessaire em couro sintético impermeável e fechamento em"
"42803","15325","copo-fibra-de-madeira-450ml-3","Copo Fibra de Madeira 450Ml — Copo produzido em fibra de madeira com tampa e capacidade"
"42805","09129","mouse-pad-5","Mouse Pad — feito em poliéster impermeável flexível com base"
"42809","09128","copo-termico-350ml-6","Copo Térmico 350Ml — Copo térmico em inox com pintura eletrostática, base"
"42815","19007","garrafa-termica-800ml-14","Garrafa Térmica 800Ml — Garrafa térmica em inox com pintura eletrostática e — Garrafa térmica em inox com pintura eletrostática e capacidade máxima de 800ml. Possui"
"42816","19020","necessaire-couro-sintetico-3","Nécessaire Couro Sintético — Nécessaire em couro sintético impermeável com fechamento em — Nécessaire em couro sintético impermeável com fechamento em zíper e alça lateral"
"42817","19021","necessaire-couro-sintetico-4","Nécessaire Couro Sintético — Nécessaire em couro sintético impermeável com alça de mão"
"42819","19030","kit-executivo-3-pecas-3","Kit Executivo 3 Peças — Kit executivo com três peças, composto por uma caderneta"
"42820","06161P","caneta-plastica-67","Caneta Plástica — com detalhes em relevo, acionamento em clique e"
"42824","P$09154","espelho-adesivo-acrilico","Espelho Adesivo Acrílico — Espelho em acrílico com fundo adesivo, ideal para fixar em"
"42825","01322","mochila-oxford-18l-2","Mochila Oxford 18L — Mochila em tecido Oxford resistente à água com capacidade"
"42827","06076T","caneta-metal-touch-47","Caneta Metal Touch — Caneta metálica com carga esferográfica azul de 1,0mm e"
"42828","08159T","caneta-metal-touch-48","Caneta Metal Touch — Caneta metálica com acionamento por clique texturizado e"
"42831","08268A","caneta-metal-97","Caneta Metal — Caneta metálica com acionamento por clique e clip feitos em"
"42833","09131","caneta-metal-99","Caneta Metal — Caneta metálica com acionamento por clique e clip em"
"42839","19032","garrafa-termica-800ml-15","Garrafa Térmica 800Ml — Garrafa térmica em inox 304 com capacidade de até 800ml"
"42842","09136","mouse-pad-ergonomico-2","Mouse Pad Ergonômico — mouse pad, ergonômico, mouse pad apoio, mouse pad com"
"42843","09137","mouse-pad-ergonomico-3","Mouse Pad Ergonômico — com apoio em espuma para o punho, superfície em tecido"
"42845","09141","mouse-pad-ergonomico-5","Mouse Pad Ergonômico — de estrutura flexível. Contém superfície em poliéster e"
"42846","09142","sacola-tnt-metalizado","Sacola Tnt Metalizado — Sacola em TNT com revestimento externo laminado e duas"
"42847","09143","sacola-tnt-metalizado-2","Sacola Tnt Metalizado — Sacola confeccionada em TNT com revestimento externo"
"42848","19034","sacola-de-lona-16","Sacola de Lona — Sacola confeccionada em lona 356g/m² com revestimento"
"42851","P$BRINQ144","brinquedo-apertavel-antiestresse","Brinquedo Apertável Antiestresse — feito em borracha termoplástica. Com formato de pata"
"42853","P$BRINQ148","lancador-bolhas-de-sabao","Lançador Bolhas de Sabão — Brinquedo lançador de bolhas de sabão feito em plástico. Ao"
"42857","15333","necessaire-poliester-pvc-mescla-7","Nécessaire Poliéster Pvc Mescla — Nécessaire resistente à água feita em poliéster com mescla"
"42862","P$15339-2","kit-pincel-12-pecas","Kit Pincel 12 Peças — Kit com 12 pincéis de maquiagem com cabos em MDF e cerdas"
"42863","P$15339-5","kit-pincel-12-pecas-2","Kit Pincel 12 Peças — Kit de pincéis de maquiagem com cabos em MDF e cerdas"
"42864","P$15339-6","kit-pincel-12-pecas-3","Kit Pincel 12 Peças — Kit formado por 12 pincéis de maquiagem cerdas sintéticas"
"42866","09210","caixa-de-som-bluetooth-tws-6","Caixa de Som Bluetooth Tws — Caixa de som com estrutura em metal e plástico. Possui base"
"42867","19029","kit-executivo-2-pecas-7","Kit Executivo 2 Peças — Kit executivo composto por uma caderneta e uma caneta. A"
"42869","P$09152","espelho-adesivo-acrilico-2","Espelho Adesivo Acrílico — Espelho oval em acrílico com fundo adesivo para fixação em"
"42870","P$09153","espelho-adesivo-acrilico-3","Espelho Adesivo Acrílico — Espelho feito em acrílico com fundo adesivo para fixar em"
"42871","03007B","mouse-pad-ergonomico-6","Mouse Pad Ergonômico — , de construção leve em Neoprene e com apoio almofadado em"
"42872","09157","bolsa-termica-5l-7","Bolsa Térmica 5L — Bolsa térmica resistente à água confeccionada em poliéster"
"42873","09158","bolsa-termica-12l-3","Bolsa Térmica 12L — Bolsa térmica confeccionada em poliéster com revestimento"
"42877","09160","garrafa-termica-500ml-16","Garrafa Térmica 500Ml — Garrafa térmica em inox com capacidade para até 500ml"
"42879","09161","mochila-oxford-23l-2","Mochila Oxford 23L — Mochila em Oxford impermeável com fechamento em zíper e"
"42880","15345","caderno-de-disco-percalux-3","Caderno de Disco Percalux — Caderno de capa dura em percalux, com fechamento em"
"42883","09164","mochila-oxford-23l-3","Mochila Oxford 23L — Mochila impermeável confeccionada em Oxford com"
"42884","09165","mochila-oxford-23l-4","Mochila Oxford 23L — Mochila impermeável em Oxford com revestimento em PU"
"42894","19046","caderno-de-disco-4","Caderno de Disco — Caderno capa dura em papelão, com elástico para fechamento"
"42898","19044","pasta-notebook-156","Pasta Notebook 15,6 — Pasta para notebook em poliéster impermeável, fechamento em"
"42899","19050","caderneta-couro-sintetico-7","Caderneta Couro Sintético — Caderneta capa dura em couro sintético com fecho magnético"
"42900","19042","garrafa-termica-500ml-17","Garrafa Térmica 500Ml — Garrafa térmica em inox com tampa rosqueável, pintura em"
"42901","19045","pasta-notebook-156-2","Pasta Notebook 15,6 — Pasta para notebook confeccionada em couro sintético"
"42910","09177","bolsa-palha-trancada","Bolsa Palha Trançada — Bolsa confeccionada em palha trançada com fechamento em botão metálico de pressão. Possui (Cód. 42910)"
"42911","09177B","bolsa-palha-trancada-2","Bolsa Palha Trançada — Bolsa confeccionada em palha trançada com fechamento duplo"
"42912","09177A","bolsa-palha-trancada-3","Bolsa Palha Trançada — Bolsa confeccionada em palha trançada com fechamento em — Bolsa confeccionada em palha trançada com fechamento em botão metálico de pressão. Possui (Ref. 09177A)"
"42913","09180","garrafa-plastica-750ml-4","Garrafa Plástica 750Ml — Garrafa feita em plástico livre de BPA com capacidade"
"42914","09114","caneta-plastica-72","Caneta Plástica — Caneta feita inteiramente em plástico. Conta com"
"42917","09181","garrafa-termica-400ml-7","Garrafa Térmica 400Ml — Garrafa Térmica em inox 304, pintura eletrostática e"
"42919","09182","garrafa-termica-600ml-15","Garrafa Térmica 600Ml — Garrafa térmica em inox 304 com capacidade máxima de até"
"42920","09183","garrafa-termica-700ml-9","Garrafa Térmica 700Ml — Garrafa térmica em inox com capacidade para até 700ml"
"42921","05006","caneta-metal-touch-50","Caneta Metal Touch — Caneta metálica com pintura de acabamento emborrachada"
"42925","15360","xicara-de-vidro-80ml-2","Xícara de Vidro 80Ml — Xícara de vidro com capacidade para até 80ml. Possui"
"42926","19069","mouse-pad-poliester-3","Mouse Pad Poliéster — Mouse pad flexível em poliéster com base antiderrapante"
"42928","13805","sacola-de-algodao-13","Sacola de Algodão — Sacola feita em algodão com um par de alças em nylon"
"42929","15116A","necessaire-couro-sintetico-6","Nécessaire Couro Sintético — Nécessaire em couro sintético resistente à água, fechamento"
"42938","09186","garrafa-de-aluminio-550ml-3","Garrafa de Alumínio 550Ml — Garrafa em alumínio com capacidade máxima de 550ml. Possui"
"42950","09189","caneta-metal-touch-51","Caneta Metal Touch — Caneta metálica com pintura de acabamento emborrachado — Caneta metálica com pintura de acabamento emborrachado. Possui acionamento por clique"
"42952","19071","sacola-tnt-laminado-3","Sacola Tnt Laminado — Sacola confeccionada em TNT com revestimento laminado com filme fosco de BOPP resistente (Cód. 42952)"
"42955","15381","caneca-termica-350ml-9","Caneca Térmica 350Ml — Caneca térmica em inox com pintura eletrostática e"
"42957","09191","bolsa-termica-12l-4","Bolsa Térmica 12L — Bolsa térmica confeccionada em couro sintético a partir do"
"42963","09196","copo-termico-600ml-4","Copo Térmico 600Ml — Copo térmico com capacidade para até 600ml. Possui"
"42964","09197","copo-inox-480ml-2","Copo Inox 480Ml — Copo em inox 304 com revestimento externo em polipropileno"
"42968","15394","calendario-permanente-madeira-2","Calendário Permanente Madeira — Calendário de mesa permanente em madeira com formato de uma"
"42969","09201","corda-de-pular-pvc-25m","Corda de Pular Pvc 2,5M — Corda de pular em PVC. Possui cabos em policloreto (PP) com"
"42971","09203","corda-de-pular-pvc-25m-2","Corda de Pular Pvc 2,5M — Corda de pular feita em PVC, com cabos em madeira e"
"42980","19070","mouse-pad-poliester-4","Mouse Pad Poliéster — Mouse pad feito em poliéster com base antiderrapante em"
"42981","19063F","caneca-vidro-350ml","Caneca Vidro 350Ml — Caneca em vidro com acabamento fosco e capacidade para até"
"42982","19063T","caneca-vidro-350ml-2","Caneca Vidro 350Ml — Caneca em vidro com capacidade máxima de"
"42983","19064","caneca-vidro-350ml-3","Caneca Vidro 350Ml — Caneca em vidro com acabamento fosco degradê e capacidade"
"42984","19060","necessaire-pvc-4","Nécessaire Pvc — Nécessaire em PVC transparente com fechamento em zíper e"
"42985","19043","garrafa-termica-750ml-9","Garrafa Térmica 750Ml — Garrafa térmica com capacidade máxima de 750ml. Possui — Garrafa térmica com capacidade máxima de 750ml. Possui estrutura de parede dupla em inox"
"42987","19067","necessaire-poliester-8","Nécessaire Poliéster — Nécessaire impermeável confeccionada em Poliéster e"
"42988","19068","necessaire-poliester-9","Nécessaire Poliéster — Nécessaire impermeável em poliéster com revestimento em"
"42989","19072","garrafa-termica-600ml-16","Garrafa Térmica 600Ml — Garrafa térmica feita em inox com pintura em spray, tampa"
"42991","12487BS","squeeze-aluminio-650ml-3","Squeeze Alumínio 650Ml — Squeeze em alumínio com pintura de acabamento brilhante e"
"42993","P$BRINQ169","carro-miniatura-19","Carro Miniatura — Carro em miniatura inspirado em um modelo de van clássico"
"42996","15396","bolsa-termica-6l-9","Bolsa Térmica 6L — Bolsa térmica em formato cilíndrico, confeccionada em"
"42998","09212","garrafa-plastica-750ml-5","Garrafa Plástica 750Ml — Garrafa plástica em policarbonato (PC) livre de BPA com"
"42999","18753A","necessaire-poliester-10","Nécessaire Poliéster — Nécessaire em poliéster 300D catiônico resistente à água"
"43001","09215","squeeze-plastico-700ml-5","Squeeze Plástico 700Ml — Squeeze feito em plástico AS livre de BPA, capacidade máxima e marcação de volume de até (Cód. 43001)"
"43002","09216","garrafa-plastica-700ml-9","Garrafa Plástica 700Ml — Garrafa em plástico AS livre de BPA com capacidade máxima e"
"43006","17012A","garrafa-plastica-750ml-6","Garrafa Plástica 750Ml — Garrafa plástica translúcida com capacidade máxima de 750ml"
"43007","18792A","garrafa-plastica-750ml-7","Garrafa Plástica 750Ml — arrafa plástica com capacidade máxima de 750ml e marcação"
"43009","08189A","squeeze-plastico-750ml-3","Squeeze Plástico 750Ml — Squeeze plástico livre de BPA, com capacidade máxima de"
"43017","09266A","caneta-metal-touch-52","Caneta Metal Touch — Caneta em metal com clip e ponta em plástico, além de detalhe emborrachado no topo para (Cód. 43017)"
"43019","09266B","caneta-metal-touch-54","Caneta Metal Touch — Caneta em metal com clip e ponta em plástico, além de detalhe emborrachado no topo para (Cód. 43019)"
"43021","09266","caneta-metal-touch-56","Caneta Metal Touch — Caneta em metal com detalhe emborrachado no topo para a"
"43036","09228","squeeze-dobravel-tpu-500ml","Squeeze Dobrável Tpu 500Ml — Squeeze dobrável com capacidade para até 500ml. Feito em"
"43048","09229","caneta-plastica-73","Caneta Plástica — com acionamento por clique feito em bambu e carga"
"43052","09230","caneta-metal-100","Caneta Metal — Caneta metálica com acabamento brilhante, acionamento por"
"43055","09231","churrasqueira-portatil","Churrasqueira Portátil — em ferro com pés retráteis em metal. Conta com grelha e"
"43058","09232","churrasqueira-portatil-4","Churrasqueira Portátil — em ferro com alças laterais em madeira. Conta com grelha e"
"43063","19089","necessaire-pvc-5","Nécessaire Pvc — Nécessaire impermeável em PVC com fechamento em zíper e"
"43069","09233","bolsa-eva","Bolsa Eva — Bolsa confeccionada em EVA resistente à água e de fácil"
"43081","09267","bolsa-termica-7l-3","Bolsa Térmica 7L — Bolsa térmica em poliéster resistente à água com fechamento"
"43083","09236","squeeze-plastico-700ml-6","Squeeze Plástico 700Ml — Squeeze feito em plástico AS livre de BPA, capacidade máxima e marcação de volume de até (Ref. 09236)"
"43087","09239","churrasqueira-portatil-6","Churrasqueira Portátil — Churrasqueira em ferro com aberturas para ventilação e pés"
"43094","09241","garrafa-termica-550ml-8","Garrafa Térmica 550Ml — Garrafa térmica em inox SUS 304. Conta com estrutura de"
"43096","09242","copo-termico-800ml-2","Copo Térmico 800Ml — Copo térmico com capacidade máxima de 800ml. Possui"
"43105","19075","necessaire-poliester-11","Nécessaire Poliéster — Nécessaire organizadora confeccionada em poliéster"
"43109","19092","espelho-de-mesa-plastico-7","Espelho de Mesa Plástico — Espelho de mesa giratório sem aumento em formato oval, com"
"43111","19093","espelho-de-mesa-plastico-8","Espelho de Mesa Plástico — Espelho de mesa dupla face, sem aumento, com moldura e base"
"43113","19094","espelho-de-mesa-plastico-9","Espelho de Mesa Plástico — Espelho de mesa oval dupla face, sem aumento, com moldura e"
"43115","19096","espelho-de-mesa-plastico-10","Espelho de Mesa Plástico — Espelho de mesa giratório dupla face sem aumento e"
"43117","19097","espelho-de-mesa-plastico-12","Espelho de Mesa Plástico — Espelho de mesa dupla face sem aumento. Possui estrutura em"
"43118","19080","bolsa-termica-25l-3","Bolsa Térmica 25L — Bolsa térmica confeccionada em Oxford 600D impermeável com"
"43120","19109","caderneta-couro-sintetico-8","Caderneta Couro Sintético — Caderneta com capa em couro sintético, fecho magnético e"
"43121","19077","bolsa-termica-6l-10","Bolsa Térmica 6L — Bolsa térmica confeccionada em Oxford 300D resistente à"
"43122","19084","luminaria-de-mesa-recarregavel","Luminária de Mesa Recarregável — Luminária recarregável com 20 LEDs de cores mistas, sendo"
"43123","19085","luminaria-de-mesa-recarregavel-2","Luminária de Mesa Recarregável — Luminária recarregável com 18 LEDs, estrutura em plástico e"
"43128","15419","risque-rabisque-4","Risque-Rabisque — com base em papelão e revestimento em PVC. Acompanha duas"
"43129","19104","garrafa-termica-500ml-18","Garrafa Térmica 500Ml — Garrafa térmica em inox com pintura emborrachada e"
"43131","19100","espelho-de-mesa-bambu","Espelho de Mesa Bambu — Espelho giratório com base em bambu e moldura em"
"43132","19101","espelho-de-mesa-bambu-2","Espelho de Mesa Bambu — Espelho giratório retangular com base em bambu e moldura em"
"43135","19099","espelho-de-mesa-plastico-13","Espelho de Mesa Plástico — Espelho de mesa retangular giratório com face dupla sem"
"43137","19102","espelho-de-mesa-mdf","Espelho de Mesa Mdf — Espelho montável com moldura e base feitos em"
"43138","19103","espelho-de-mesa-mdf-2","Espelho de Mesa Mdf — Espelho retangular montável com base e moldura em"
"43140","09245","sacola-pp-laminado","Sacola Pp Laminado — Sacola confeccionada em malha trançada de polipropileno — Sacola confeccionada em malha trançada de polipropileno (PP) laminado e dois pares de"
"43143","09246","sacola-pp-laminado-2","Sacola Pp Laminado — Sacola confeccionada em malha trançada de polipropileno — Sacola confeccionada em malha trançada de polipropileno (PP) com acabamento laminado e"
"43149","05019A","caneta-metal-touch-61","Caneta Metal Touch — Caneta metálica com textura próximo à ponta, detalhes em"
"43150","09271","caneta-metal-touch-62","Caneta Metal Touch — Caneta metálica com ponta e clip em plástico. Possui"
"43155","19082","bloco-de-anotacoes-com-suporte-3","Bloco de Anotações com Suporte — Bloco de notas com capa e estrutura em papelão"
"43160","19112","plaquinha-metalica-3","Plaquinha Metálica — oval para personalização com duas hastes traseiras para"
"43161","19113","plaquinha-metalica-4","Plaquinha Metálica — para personalização com duas hastes traseiras para"
"43163","09248","guarda-chuva-automatico-12","Guarda-Chuva Automático — Guarda-chuva em poliéster com abertura automática por botão"
"43164","09249","guarda-chuva-automatico-13","Guarda-Chuva Automático — Guarda-chuva em poliéster de impacto impermeável com"
"43170","02423A","garrafa-plastica-700ml-11","Garrafa Plástica 700Ml — Uma garrafa plástica leve e versátil, com capacidade máxima de 700ml e livre de BPA, o (Cód. 43170)"
"43172","09281","saca-rolhas-eletrico-com-led-3","Saca-Rolhas Elétrico com Led — Saca-rolhas elétrico com corpo formado por liga de"
"43174","09282","saca-rolhas-eletrico-com-led-5","Saca-Rolhas Elétrico com Led — Saca-rolhas elétrico recarregável com estrutura em liga de"
"43178","14949C","caneta-metal-touch-64","Caneta Metal Touch — Caneta metálica com pintura de acabamento emborrachado — Caneta metálica com pintura de acabamento emborrachado. Possui acionamento por clique com"
"43185","09253","luminaria-de-mesa-recarregavel-4","Luminária de Mesa Recarregável — Luminária recarregável com 12 LEDs, sendo 6 de tons quentes"
"43190","19110","caderneta-pu","Caderneta Pu — Caderneta com capa em couro sintético, fecho magnético"
"43202","09257","garrafa-termica-600ml-17","Garrafa Térmica 600Ml — Garrafa térmica de parede dupla com parte externa em inox"
"43211","06076TF","caneta-metal-touch-66","Caneta Metal Touch — caneta, metal, touch, caneta touch, esferográfica, caneta"
"43213","06076TD","caneta-metal-touch-68","Caneta Metal Touch — Caneta metálica com ponteira em plástico, além de detalhe"
"43215","06076TE","caneta-metal-touch-70","Caneta Metal Touch — Caneta metálica com ponteira e clip com acabamento"
"43217","08161TF","caneta-metal-touch-72-2","Caneta Metal Touch — Caneta metálica com pintura em acabamento perolado, três anéis em baixo relevo na parte (Cód. 43217)"
"43221","08161TD","caneta-metal-touch-75","Caneta Metal Touch — Caneta metálica com pintura em acabamento perolado, três anéis em baixo relevo na parte (Cód. 43221)"
"43223","08161TE","caneta-metal-touch-77","Caneta Metal Touch — Caneta metálica com ponteira em plástico, além de detalhes"
"43228","19129","porta-vinho-feltro","Porta-Vinho Feltro — Sacola porta-vinho confeccionada em feltro e alças de mão"
"43233","19130","porta-vinho-feltro-6","Porta-Vinho Feltro — Sacola porta-vinho confeccionada em feltro com alças de mão"
"43238","09053A","squeeze-plastico-750ml-5","Squeeze Plástico 750Ml — Squeeze feito em plástico AS livre de BPA, fundo com"
"43252","01810A","mouse-pad-ergonomico-7","Mouse Pad Ergonômico — feito em neoprene com apoio para punho em silicone. Possui"
"43256","09264","caneta-plastica-77","Caneta Plástica — com detalhe emborrachado próximo à ponta e acabamento"
"43260","09265","caneta-plastica-97","Caneta Plástica — com detalhe ergonômico em borracha termoplástica (TPR)"
"43267","09288","fone-de-ouvido-bluetooth-com-case-carregador-11","Fone de Ouvido Bluetooth com Case Carregador — Fones de ouvido sem fio com estrutura em plástico resistente a leves respingos de água (Cód. 43267)"
"43269","09289","fone-de-ouvido-bluetooth-com-case-carregador-13","Fone de Ouvido Bluetooth com Case Carregador — Fones de ouvido sem fio com estrutura em plástico resistente a leves respingos de água (Cód. 43269)"
"43293","19152","caderneta-couro-sintetico-9","Caderneta Couro Sintético — Caderneta com capa em couro sintético de acabamento"
"43295","19141","porta-documento-pu","Porta-Documento Pu — Porta-documento em poliuretano (PU), com dois bolsos"
"43296","19141A","porta-documento-pu-2","Porta-Documento Pu — Porta-documento confeccionado em poliuretano (PU). Conta"
"43300","19150","tag-identificador-de-bagagem-7","Tag Identificador de Bagagem — Tag identificadora para bagagem confeccionado em couro"
"43301","19125","kit-vinho-xadrez-4-pecas-2","Kit Vinho Xadrez 4 Peças — Kit vinho composto por 4 itens: saca-rolhas de dois"
"43303","19123","kit-vinho-4-pecas-2","Kit Vinho 4 Peças — Kit vinho composto por 4 itens: saca-rolhas de dois estágios em inox, anel corta-gotas (Ref. 19123)"
"43304","19121","kit-vinho-5-pecas-7","Kit Vinho 5 Peças — Kit vinho composto por 5 itens: saca-rolhas de um estágio"
"43306","19118","kit-vinho-xadrez-4-pecas-4","Kit Vinho Xadrez 4 Peças — Kit vinho composto por 4 itens: saca-rolhas de um estágio"
"43308","19117","kit-vinho-6-pecas-3","Kit Vinho 6 Peças — Kit vinho composto por 6 itens: saca-rolhas de um estágio"
"43311","19134","bloco-de-anotacoes-com-autoadesivos-e-caneta-2","Bloco de Anotações com Autoadesivos e Caneta — de papelão. Possui capa dura revestida em papel especial"
"43312","19164","marmita-plastica-900ml","Marmita Plástica 900Ml — Marmita em plástico polipropileno (PP) livre de BPA com — Marmita em plástico polipropileno (PP) livre de BPA com capacidade máxima de 900ml"
"43315","19163","marmita-plastica-900ml-4","Marmita Plástica 900Ml — Marmita em plástico polipropileno (PP) livre de BPA com — Marmita em plástico polipropileno (PP) livre de BPA com capacidade máxima de 650ml"
"43321","09228A","squeeze-dobravel-tpu-500ml-4","Squeeze Dobrável Tpu 500Ml — Squeeze dobrável feito em poliuretano termoplástico (TPU)"
"43324","19144","kit-executivo-2-pecas-8","Kit Executivo 2 Peças — Kit executivo composto por dois itens: uma caderneta e uma caneta. A caderneta possui (Cód. 43324)"
"43335","19175","kit-churrasco-2-pecas-4","Kit Churrasco 2 Peças — Kit para churrasco composto por garfo de duas pontas e faca"
"43340","19059","garrafa-termica-500ml-20","Garrafa Térmica 500Ml — Garrafa térmica de parede dupla, com parte externa em inox"
"43345","19155","necessaire-poliester-12","Nécessaire Poliéster — Nécessaire em poliéster de textura aveludada, com alça de"
"43351","19154","necessaire-poliester-18","Nécessaire Poliéster — Nécessaire em poliéster impermeável de textura aveludada"
"43356","19115","kit-executivo-2-pecas-14","Kit Executivo 2 Peças — Kit executivo composto por dois itens: uma caderneta e uma caneta. A caderneta possui (Cód. 43356)"
"43362","09287","cabo-usb-retratil-3-em-1-5","Cabo Usb Retrátil 3 em 1 — Cabo USB retrátil com níveis ajustáveis e extensão de até"
"43373","09285","caixa-de-som-multimidia-tws-com-luzes-rgb-2","Caixa de Som Multimídia Tws com Luzes Rgb — Caixa de som multimídia com estrutura em plástico ABS e"
"43377","09290P","caixa-de-som-multimidia-tws-com-luzes-rgb-6","Caixa de Som Multimídia Tws com Luzes Rgb — Caixa de som multimídia em plástico ABS, revestimento em"
"43383","09290G","caixa-de-som-multimidia-tws-com-luzes-rgb-12","Caixa de Som Multimídia Tws com Luzes Rgb — Caixa de som multimídia com estrutura em plástico ABS"
"43399","19157","chaveiro-metal-12","Chaveiro Metal — Chaveiro metálico com mosquetão e abridor de garrafas"
"43407","19120","kit-vinho-4-pecas-3","Kit Vinho 4 Peças — Kit vinho composto por 4 itens: saca-rolhas de dois estágios em inox, anel corta-gotas (Ref. 19120)"
"43411","19143","kit-executivo-2-pecas-20","Kit Executivo 2 Peças — Kit executivo composto por dois itens: uma caderneta e uma caneta. A caderneta possui (Ref. 19143)"
"43417","19133","kit-vinho-4-pecas-7","Kit Vinho 4 Peças — Kit vinho composto por 4 itens: saca-rolhas de um estágio em inox, anel corta-gotas (wine (Ref. 19133)"
"43427","19126","kit-vinho-4-pecas-12","Kit Vinho 4 Peças — Kit vinho composto por 4 itens: saca-rolhas de um estágio — Kit vinho composto por 4 itens: saca-rolhas de um estágio em inox com cabo em bambu"
"43434","19124","kit-vinho-4-pecas-19","Kit Vinho 4 Peças — Kit vinho composto por 4 itens: saca-rolhas de um estágio em inox, anel corta-gotas (wine (Ref. 19124)"
"43445","19135","caderno-ecologico-com-caneta-4","Caderno Ecológico com Caneta — Caderno de capa dura em papel kraft com detalhe vazado em"
"43456","15432","necessaire-pvc-7","Nécessaire Pvc — Nécessaire confeccionada em PVC transparente com fechamento"
"43459","15433","necessaire-pvc-10","Nécessaire Pvc — Nécessaire em PVC com fechamento em zíper e alça de mão na"
"43467","19136","caderno-ecologico-com-caneta-10","Caderno Ecológico com Caneta — Caderno com capa em papel kraft, encadernação Wire-O"
